{"dataset_revision": "0bbdb47bcbe3a90093699aefeed338a0f28a7ee8", "evaluation_time": 31.43595290184021, "kg_co2_emissions": null, "mteb_version": "1.12.49", "scores": {"test": [{"hf_subset": "default", "languages": ["eng-Latn"], "main_score": 0.5544755527664831, "v_measure": 0.5544755527664831, "v_measure_std": 0.025374172405563854, "v_measures": {"Level 0": [0.5502348400525806, 0.5599086727681931, 0.520791138097848, 0.5576405516609735, 0.5505764863143737, 0.5387444444740913, 0.5171755104702457, 0.5424280306717635, 0.5043372193844392, 0.5641475721010021], "Level 1": [0.6036176753538616, 0.5387198565137491, 0.5842164545098802, 0.5770554055275197, 0.5766850071105526, 0.6031749952814701, 0.550528595438353, 0.5381418266044412, 0.549755619791427, 0.5616311532028985]}}]}, "task_name": "ArXivHierarchicalClusteringP2P", "avg_layerwise_entropy": 0.828000669119612, "num_samples": 64}