{"dataset_revision": "0bbdb47bcbe3a90093699aefeed338a0f28a7ee8", "evaluation_time": 30.116121768951416, "kg_co2_emissions": null, "mteb_version": "1.12.49", "scores": {"test": [{"hf_subset": "default", "languages": ["eng-Latn"], "main_score": 0.6321267176352019, "v_measure": 0.6321267176352019, "v_measure_std": 0.044546172908300825, "v_measures": {"Level 0": [0.7051444483992934, 0.6439416399056478, 0.6754956556411306, 0.658902490351444, 0.6807559671819707, 0.6414425227667718, 0.6888604920956818, 0.6238911775839467, 0.7113479730288139, 0.6827361787507217], "Level 1": [0.5945301227479928, 0.5705002196821032, 0.5905522870591409, 0.6090304961361221, 0.5730922944976835, 0.6133436346710083, 0.5887884157286514, 0.6046373159484871, 0.5928729152143692, 0.5926681053130569]}}]}, "task_name": "ArXivHierarchicalClusteringP2P", "avg_layerwise_entropy": 0.8350685094696497, "num_samples": 64}