{"dataset_revision": "0bbdb47bcbe3a90093699aefeed338a0f28a7ee8", "evaluation_time": 30.805771827697754, "kg_co2_emissions": null, "mteb_version": "1.12.49", "scores": {"test": [{"hf_subset": "default", "languages": ["eng-Latn"], "main_score": 0.5335132352731689, "v_measure": 0.5335132352731689, "v_measure_std": 0.029856811492320754, "v_measures": {"Level 0": [0.5214769015983325, 0.5707808926815713, 0.5131209080955066, 0.5053066392327344, 0.48730537247839567, 0.49563555422041644, 0.4760001640808045, 0.5358047120315671, 0.5308158237810348, 0.5097307158997992], "Level 1": [0.5856371768403469, 0.5430888781046931, 0.5301897845570847, 0.5559052764458151, 0.5467328177618872, 0.5671967004064669, 0.5232826596728672, 0.5479936020190165, 0.5849886258374138, 0.5392714997176234]}}]}, "task_name": "ArXivHierarchicalClusteringP2P", "avg_layerwise_entropy": 0.8577197817947128, "num_samples": 64}