{"dataset_revision": "0bbdb47bcbe3a90093699aefeed338a0f28a7ee8", "evaluation_time": 31.470751762390137, "kg_co2_emissions": null, "mteb_version": "1.12.49", "scores": {"test": [{"hf_subset": "default", "languages": ["eng-Latn"], "main_score": 0.6211218536537476, "v_measure": 0.6211218536537476, "v_measure_std": 0.03261609134724524, "v_measures": {"Level 0": [0.6442684524659105, 0.6656795559092217, 0.6806264775709152, 0.645310076734587, 0.6507915547740736, 0.6602625609629686, 0.6306589393677561, 0.6276928131290705, 0.652879638489308, 0.6361221434536393], "Level 1": [0.5949726889798479, 0.5893319721802238, 0.5837249795015684, 0.5746545979095532, 0.5617039865744327, 0.6191530062926162, 0.60372105589234, 0.6140844271733679, 0.584090641589608, 0.6027075041239447]}}]}, "task_name": "ArXivHierarchicalClusteringP2P", "avg_layerwise_entropy": 0.8447700117239629, "num_samples": 64}