{"dataset_revision": "0bbdb47bcbe3a90093699aefeed338a0f28a7ee8", "evaluation_time": 31.177570104599, "kg_co2_emissions": null, "mteb_version": "1.12.49", "scores": {"test": [{"hf_subset": "default", "languages": ["eng-Latn"], "main_score": 0.5741436806817298, "v_measure": 0.5741436806817298, "v_measure_std": 0.026839095871198915, "v_measures": {"Level 0": [0.6092735461672054, 0.5945376549856901, 0.5623024379090648, 0.613300825921796, 0.5345168448014277, 0.5278318514316671, 0.596969722931452, 0.6150136685284869, 0.5433344812229124, 0.5663226088806714], "Level 1": [0.5622072382783047, 0.5857748279268813, 0.5954574672025287, 0.5702680899942462, 0.5505406744831047, 0.5989390033781659, 0.5757468467664159, 0.5296174992361489, 0.5640835491221836, 0.5868347744662419]}}]}, "task_name": "ArXivHierarchicalClusteringP2P", "avg_layerwise_entropy": 0.7835407859593018, "num_samples": 64}