{"dataset_revision": "0bbdb47bcbe3a90093699aefeed338a0f28a7ee8", "evaluation_time": 35.34806728363037, "kg_co2_emissions": null, "mteb_version": "1.12.49", "scores": {"test": [{"hf_subset": "default", "languages": ["eng-Latn"], "main_score": 0.5991356855825956, "v_measure": 0.5991356855825956, "v_measure_std": 0.018945038575543516, "v_measures": {"Level 0": [0.6152365181668078, 0.5856749175422028, 0.6401416067639312, 0.5598363653112972, 0.6332599119828567, 0.6087105623238356, 0.6035541265276777, 0.5969779654585491, 0.5831665573667152, 0.5962532851578741], "Level 1": [0.602308977035733, 0.5971406230476017, 0.5910443496390042, 0.6259715515974562, 0.5822101610771259, 0.5955125177376714, 0.5932586960809662, 0.5864776575790891, 0.5756872713597546, 0.6102900898957624]}}]}, "task_name": "ArXivHierarchicalClusteringP2P", "avg_layerwise_entropy": 0.8223980909407258, "num_samples": 64}