{"dataset_revision": "0bbdb47bcbe3a90093699aefeed338a0f28a7ee8", "evaluation_time": 29.17969274520874, "kg_co2_emissions": null, "mteb_version": "1.12.49", "scores": {"test": [{"hf_subset": "default", "languages": ["eng-Latn"], "main_score": 0.6196848289867685, "v_measure": 0.6196848289867685, "v_measure_std": 0.02984623938117998, "v_measures": {"Level 0": [0.6725663429954888, 0.6447900618856524, 0.6347108680038503, 0.6067023085396532, 0.6341155359721508, 0.6267189561468846, 0.6727350168335055, 0.6292609210863761, 0.6613171978184774, 0.6542850428242153], "Level 1": [0.5989571897492283, 0.575818384733753, 0.5950186622427411, 0.6302484778134064, 0.6007640232668845, 0.5771579284276205, 0.5916917283663501, 0.5998992727801473, 0.6009089795635331, 0.5860296806854528]}}]}, "task_name": "ArXivHierarchicalClusteringP2P", "avg_layerwise_entropy": 0.8332376484733691, "num_samples": 64}