{"dataset_revision": "0bbdb47bcbe3a90093699aefeed338a0f28a7ee8", "evaluation_time": 30.293792963027954, "kg_co2_emissions": null, "mteb_version": "1.12.49", "scores": {"test": [{"hf_subset": "default", "languages": ["eng-Latn"], "main_score": 0.5885503705178367, "v_measure": 0.5885503705178367, "v_measure_std": 0.02184080892884212, "v_measures": {"Level 0": [0.6226598269047868, 0.6251124486449499, 0.6049776524176784, 0.609407423878423, 0.5896034248538192, 0.6189948085056183, 0.5811462450534984, 0.6079664768969704, 0.603325010605677, 0.5670005715639893], "Level 1": [0.5783992436165122, 0.5816550020293682, 0.5759903661907457, 0.5718919349782998, 0.5944623360684894, 0.582118659842139, 0.5530216237643464, 0.5448250338203513, 0.5673389235031137, 0.5911103972179564]}}]}, "task_name": "ArXivHierarchicalClusteringP2P", "avg_layerwise_entropy": 0.8569561807904785, "num_samples": 64}