{
  "dataset_revision": "70970daeab8776df92f5ea462b6173c0b46fd2d1",
  "evaluation_time": 141.21016311645508,
  "kg_co2_emissions": null,
  "mteb_version": "1.12.49",
  "scores": {
    "test": [
      {
        "cosine": {
          "accuracy": 0.8237467962090957,
          "accuracy_threshold": 0.810328483581543,
          "ap": 0.6040972793539694,
          "f1": 0.5661288273408716,
          "f1_threshold": 0.7696453332901001,
          "precision": 0.5459446214163195,
          "recall": 0.5878627968337731
        },
        "dot": {
          "accuracy": 0.7779102342492699,
          "accuracy_threshold": 74.96219635009766,
          "ap": 0.36971439166505776,
          "f1": 0.42510722533817225,
          "f1_threshold": 53.99477005004883,
          "precision": 0.3092152627789777,
          "recall": 0.6799472295514511
        },
        "euclidean": {
          "accuracy": 0.8154616439172677,
          "accuracy_threshold": 5.299071311950684,
          "ap": 0.5752726978137638,
          "f1": 0.5588666340986809,
          "f1_threshold": 5.9649977684021,
          "precision": 0.5202364711232378,
          "recall": 0.6036939313984169
        },
        "hf_subset": "default",
        "languages": [
          "eng-Latn"
        ],
        "main_score": 0.6040972793539694,
        "manhattan": {
          "accuracy": 0.817607438755439,
          "accuracy_threshold": 252.78228759765625,
          "ap": 0.5832314345151615,
          "f1": 0.5690834473324214,
          "f1_threshold": 294.14947509765625,
          "precision": 0.5010036130068246,
          "recall": 0.6585751978891821
        },
        "max": {
          "accuracy": 0.8237467962090957,
          "ap": 0.6040972793539694,
          "f1": 0.5690834473324214
        },
        "similarity": {
          "accuracy": 0.8237467962090957,
          "accuracy_threshold": 0.810328483581543,
          "ap": 0.6040972793539694,
          "f1": 0.5661288273408716,
          "f1_threshold": 0.7696453332901001,
          "precision": 0.5459446214163195,
          "recall": 0.5878627968337731
        }
      }
    ]
  },
  "task_name": "TwitterSemEval2015"
}