{"dataset_revision": "0bbdb47bcbe3a90093699aefeed338a0f28a7ee8", "evaluation_time": 30.712830066680908, "kg_co2_emissions": null, "mteb_version": "1.12.49", "scores": {"test": [{"hf_subset": "default", "languages": ["eng-Latn"], "main_score": 0.5767755585941547, "v_measure": 0.5767755585941547, "v_measure_std": 0.020737021931534497, "v_measures": {"Level 0": [0.5627959806105013, 0.5395355413359983, 0.5950713698638534, 0.5818984195833957, 0.605161913912963, 0.5955459125956998, 0.5878758913437114, 0.6103238914738696, 0.547852446267147, 0.5743948479469072], "Level 1": [0.6011161401688135, 0.5654355957729342, 0.5943319265123653, 0.5845866799107776, 0.5488582154329384, 0.5831863822937965, 0.553971649479075, 0.5702492318440342, 0.5857667297258432, 0.5475524058084684]}}]}, "task_name": "ArXivHierarchicalClusteringP2P", "avg_layerwise_entropy": 0.4894132467273346, "num_samples": 64}