{"dataset_revision": "0bbdb47bcbe3a90093699aefeed338a0f28a7ee8", "evaluation_time": 31.26042890548706, "kg_co2_emissions": null, "mteb_version": "1.12.49", "scores": {"test": [{"hf_subset": "default", "languages": ["eng-Latn"], "main_score": 0.5607338673370453, "v_measure": 0.5607338673370453, "v_measure_std": 0.019143242439373955, "v_measures": {"Level 0": [0.5701015987248184, 0.5972798820031556, 0.5460393264172482, 0.5555490624449154, 0.5654620724988, 0.5705119884640822, 0.5497389944917787, 0.5623707764909329, 0.5290428838413487, 0.5232735910571318], "Level 1": [0.5880983656805377, 0.5771361585161282, 0.5521007678478068, 0.5749767408119515, 0.5498602910776567, 0.5824484447003627, 0.5447063061559897, 0.5740678231014664, 0.5350959842056144, 0.5668162882091778]}}]}, "task_name": "ArXivHierarchicalClusteringP2P", "avg_layerwise_entropy": 0.7628042153495378, "num_samples": 64}