{"dataset_revision": "0bbdb47bcbe3a90093699aefeed338a0f28a7ee8", "evaluation_time": 31.62372326850891, "kg_co2_emissions": null, "mteb_version": "1.12.49", "scores": {"test": [{"hf_subset": "default", "languages": ["eng-Latn"], "main_score": 0.6394483790792468, "v_measure": 0.6394483790792468, "v_measure_std": 0.04289818685685849, "v_measures": {"Level 0": [0.6850022168446519, 0.6836313242256009, 0.6686235360555652, 0.7033525248627113, 0.6998950547990114, 0.6729366830783785, 0.6758113537686404, 0.6711398110147754, 0.6647830388404626, 0.6808765704012663], "Level 1": [0.611236575747105, 0.5914633623245047, 0.6153892296727942, 0.5936611187787298, 0.5825248827051344, 0.606333863083636, 0.5897869457961233, 0.6078928975262254, 0.6058553922287307, 0.5787711998308873]}}]}, "task_name": "ArXivHierarchicalClusteringP2P", "avg_layerwise_entropy": 0.8257767350385338, "num_samples": 64}