{"dataset_revision": "0bbdb47bcbe3a90093699aefeed338a0f28a7ee8", "evaluation_time": 31.352941274642944, "kg_co2_emissions": null, "mteb_version": "1.12.49", "scores": {"test": [{"hf_subset": "default", "languages": ["eng-Latn"], "main_score": 0.549725775050056, "v_measure": 0.549725775050056, "v_measure_std": 0.03228125329017219, "v_measures": {"Level 0": [0.5164856006038584, 0.5111312993883933, 0.5530321594156004, 0.504852863388085, 0.49971903514597904, 0.5206594812113139, 0.5189390505062719, 0.5724686181728105, 0.5604098440261187, 0.5033335273470522], "Level 1": [0.5559847785892694, 0.5535763117618742, 0.5644593591343621, 0.5827959640763446, 0.5470907014427059, 0.5993309424506034, 0.5951274780161694, 0.5629333812731044, 0.6007977552129584, 0.5713873498382444]}}]}, "task_name": "ArXivHierarchicalClusteringP2P", "avg_layerwise_entropy": 0.8646422376384137, "num_samples": 64}