{"dataset_revision": "0bbdb47bcbe3a90093699aefeed338a0f28a7ee8", "evaluation_time": 30.566763401031494, "kg_co2_emissions": null, "mteb_version": "1.12.49", "scores": {"test": [{"hf_subset": "default", "languages": ["eng-Latn"], "main_score": 0.5408546725967125, "v_measure": 0.5408546725967125, "v_measure_std": 0.03279555227738366, "v_measures": {"Level 0": [0.5698816378179594, 0.5104312568835545, 0.5333915359647433, 0.491598602175504, 0.5108584116128038, 0.5301490344862376, 0.4850228870957351, 0.48214309005052297, 0.5968433736201237, 0.5118217474928638], "Level 1": [0.5604390708494941, 0.568542999486822, 0.544016963182132, 0.5898318631104729, 0.541131750669162, 0.5746048874656927, 0.5657937263014841, 0.5523059833135255, 0.5567619320656774, 0.5415226982897402]}}]}, "task_name": "ArXivHierarchicalClusteringP2P", "avg_layerwise_entropy": 0.8360567768861367, "num_samples": 64}