{"dataset_revision": "0bbdb47bcbe3a90093699aefeed338a0f28a7ee8", "evaluation_time": 30.25193738937378, "kg_co2_emissions": null, "mteb_version": "1.12.49", "scores": {"test": [{"hf_subset": "default", "languages": ["eng-Latn"], "main_score": 0.5769477587157643, "v_measure": 0.5769477587157643, "v_measure_std": 0.022775349207382653, "v_measures": {"Level 0": [0.553465911991523, 0.6281826536011305, 0.5854518844369418, 0.552305587575274, 0.6087679582863286, 0.563931050866935, 0.5472333064274338, 0.5700425468391239, 0.628620876821501, 0.5616994015497889], "Level 1": [0.5800112748551443, 0.5832490876604651, 0.577299336938924, 0.5689158172882217, 0.568949235488666, 0.5993187799719493, 0.5567697968715969, 0.5794745221047333, 0.5635349192715832, 0.5617312254680189]}}]}, "task_name": "ArXivHierarchicalClusteringP2P", "avg_layerwise_entropy": 0.8557545125436041, "num_samples": 64}