{"dataset_revision": "0bbdb47bcbe3a90093699aefeed338a0f28a7ee8", "evaluation_time": 32.53009343147278, "kg_co2_emissions": null, "mteb_version": "1.12.49", "scores": {"test": [{"hf_subset": "default", "languages": ["eng-Latn"], "main_score": 0.6164414665996437, "v_measure": 0.6164414665996437, "v_measure_std": 0.03282320327696229, "v_measures": {"Level 0": [0.6433868725359851, 0.588814294314244, 0.7021301937814604, 0.6098007523360374, 0.6234345821938369, 0.6603824270664167, 0.6407434249825945, 0.6530850795423383, 0.652095955462422, 0.5925275351893642], "Level 1": [0.6111621613242144, 0.621979312009622, 0.5938947954866558, 0.5900972200275608, 0.5819049294999715, 0.6162094142266374, 0.5657173240255333, 0.5832815148957053, 0.589427440559498, 0.6087541025327757]}}]}, "task_name": "ArXivHierarchicalClusteringP2P", "avg_layerwise_entropy": 0.8421876586863892, "num_samples": 64}