{"dataset_revision": "0bbdb47bcbe3a90093699aefeed338a0f28a7ee8", "evaluation_time": 30.98388648033142, "kg_co2_emissions": null, "mteb_version": "1.12.49", "scores": {"test": [{"hf_subset": "default", "languages": ["eng-Latn"], "main_score": 0.6093519636228819, "v_measure": 0.6093519636228819, "v_measure_std": 0.035836352828184155, "v_measures": {"Level 0": [0.6874604373323151, 0.6168186665537994, 0.6307094628490159, 0.6417336518627217, 0.6148874174525442, 0.653100736701439, 0.6280707668821124, 0.6390762806035687, 0.6453674702973784, 0.6561525949704846], "Level 1": [0.5661291286000955, 0.582632451367951, 0.5796522908336997, 0.5892968084924676, 0.5831037403234272, 0.559335882950742, 0.5705656198082447, 0.5945062137967626, 0.5668977069700041, 0.5815419438088651]}}]}, "task_name": "ArXivHierarchicalClusteringP2P", "avg_layerwise_entropy": 0.696741632775688, "num_samples": 64}