{"dataset_revision": "0bbdb47bcbe3a90093699aefeed338a0f28a7ee8", "evaluation_time": 31.120842456817627, "kg_co2_emissions": null, "mteb_version": "1.12.49", "scores": {"test": [{"hf_subset": "default", "languages": ["eng-Latn"], "main_score": 0.542763520092564, "v_measure": 0.542763520092564, "v_measure_std": 0.02389195819777985, "v_measures": {"Level 0": [0.542087615101784, 0.5301071783778161, 0.5453998886213764, 0.499076375317741, 0.5367677025145189, 0.5301302557299351, 0.5628667325314443, 0.5084163154265022, 0.5597148791195354, 0.5229634397816273], "Level 1": [0.5930740759680072, 0.5267296182333187, 0.5684133351521362, 0.5710707099123503, 0.5711174044572371, 0.5062437172855886, 0.556851399582609, 0.5460863389735598, 0.5276801215110164, 0.550473298253177]}}]}, "task_name": "ArXivHierarchicalClusteringP2P", "avg_layerwise_entropy": 0.8501792349738496, "num_samples": 64}