{"dataset_revision": "0bbdb47bcbe3a90093699aefeed338a0f28a7ee8", "evaluation_time": 30.06696629524231, "kg_co2_emissions": null, "mteb_version": "1.12.49", "scores": {"test": [{"hf_subset": "default", "languages": ["eng-Latn"], "main_score": 0.5238880145576569, "v_measure": 0.5238880145576569, "v_measure_std": 0.04374160144063005, "v_measures": {"Level 0": [0.5271316483991734, 0.4631521639818474, 0.484062198080324, 0.5138556672139032, 0.46754299919505854, 0.4617641014544834, 0.4712686737275799, 0.4879742336271012, 0.49659386613911316, 0.46772702797428023], "Level 1": [0.5460299366067005, 0.5504732414727754, 0.5659769010256593, 0.5757620363641557, 0.5595777463869074, 0.5710998656758735, 0.5947515326732257, 0.5711487542884324, 0.548888210516451, 0.5529794863500949]}}]}, "task_name": "ArXivHierarchicalClusteringP2P", "avg_layerwise_entropy": 0.8330708428155847, "num_samples": 64}