{
  "dataset_revision": "70970daeab8776df92f5ea462b6173c0b46fd2d1",
  "evaluation_time": 140.85732436180115,
  "kg_co2_emissions": null,
  "mteb_version": "1.12.49",
  "scores": {
    "test": [
      {
        "cosine": {
          "accuracy": 0.8017523991178399,
          "accuracy_threshold": 0.8561738133430481,
          "ap": 0.5014748116501007,
          "f1": 0.4872593105038625,
          "f1_threshold": 0.803107738494873,
          "precision": 0.4327257833299201,
          "recall": 0.5575197889182057
        },
        "dot": {
          "accuracy": 0.7786851046074984,
          "accuracy_threshold": 11.5040922164917,
          "ap": 0.36732438863566375,
          "f1": 0.41152626013394433,
          "f1_threshold": 9.015939712524414,
          "precision": 0.30894416512304845,
          "recall": 0.6160949868073878
        },
        "euclidean": {
          "accuracy": 0.7975204148536688,
          "accuracy_threshold": 1.7988078594207764,
          "ap": 0.4885878632658175,
          "f1": 0.48278102664067574,
          "f1_threshold": 2.181239604949951,
          "precision": 0.4094415870683321,
          "recall": 0.5881266490765171
        },
        "hf_subset": "default",
        "languages": [
          "eng-Latn"
        ],
        "main_score": 0.5014748116501007,
        "manhattan": {
          "accuracy": 0.7963879120224117,
          "accuracy_threshold": 87.49317932128906,
          "ap": 0.4818032167965286,
          "f1": 0.47680384237528656,
          "f1_threshold": 107.76517486572266,
          "precision": 0.40662818841928877,
          "recall": 0.5762532981530343
        },
        "max": {
          "accuracy": 0.8017523991178399,
          "ap": 0.5014748116501007,
          "f1": 0.4872593105038625
        },
        "similarity": {
          "accuracy": 0.8017523991178399,
          "accuracy_threshold": 0.8561738133430481,
          "ap": 0.5014748116501007,
          "f1": 0.4872593105038625,
          "f1_threshold": 0.803107738494873,
          "precision": 0.4327257833299201,
          "recall": 0.5575197889182057
        }
      }
    ]
  },
  "task_name": "TwitterSemEval2015"
}