{"dataset_revision": "0bbdb47bcbe3a90093699aefeed338a0f28a7ee8", "evaluation_time": 30.995498180389404, "kg_co2_emissions": null, "mteb_version": "1.12.49", "scores": {"test": [{"hf_subset": "default", "languages": ["eng-Latn"], "main_score": 0.5476329680553425, "v_measure": 0.5476329680553425, "v_measure_std": 0.029322927327215656, "v_measures": {"Level 0": [0.543083620100253, 0.5455500637297601, 0.5581130172302046, 0.5052550208572549, 0.5463870892328649, 0.45789794580683635, 0.528432219983381, 0.5392257898125232, 0.5884694582158767, 0.5260729504171469], "Level 1": [0.5589829584170314, 0.5390698866292754, 0.5812802970662114, 0.5816391165604993, 0.5730031696479813, 0.5492238960989668, 0.5737759159836797, 0.5534718443617179, 0.5324978570745628, 0.5712272438808206]}}]}, "task_name": "ArXivHierarchicalClusteringP2P", "avg_layerwise_entropy": 0.4365082202612116, "num_samples": 64}