{"dataset_revision": "0bbdb47bcbe3a90093699aefeed338a0f28a7ee8", "evaluation_time": 31.106744289398193, "kg_co2_emissions": null, "mteb_version": "1.12.49", "scores": {"test": [{"hf_subset": "default", "languages": ["eng-Latn"], "main_score": 0.568147816299634, "v_measure": 0.568147816299634, "v_measure_std": 0.02474251281971114, "v_measures": {"Level 0": [0.5603784744449728, 0.5891615186797546, 0.5995413571824956, 0.5431471861242144, 0.5672323447911526, 0.548236392104401, 0.4964352526067479, 0.5381776950552047, 0.5906315769430078, 0.5541952387365643], "Level 1": [0.5639775909417313, 0.5786067107566504, 0.5975392372278112, 0.5889598058556647, 0.5483419143939113, 0.5733611213368865, 0.5640076576414323, 0.5936101070973231, 0.5836350787850231, 0.5837800652877277]}}]}, "task_name": "ArXivHierarchicalClusteringP2P", "avg_layerwise_entropy": 0.8540325851254462, "num_samples": 64}