{"dataset_revision": "0bbdb47bcbe3a90093699aefeed338a0f28a7ee8", "evaluation_time": 30.523462772369385, "kg_co2_emissions": null, "mteb_version": "1.12.49", "scores": {"test": [{"hf_subset": "default", "languages": ["eng-Latn"], "main_score": 0.5547151792626659, "v_measure": 0.5547151792626659, "v_measure_std": 0.018584004249557508, "v_measures": {"Level 0": [0.5290757314173636, 0.5496345767819525, 0.5641326893335674, 0.516924423366695, 0.5564842994053119, 0.5408294243529964, 0.5622032464603242, 0.5536164268124789, 0.5415923230800485, 0.5205174726991125], "Level 1": [0.590761965162862, 0.5585182389266004, 0.5670463491690891, 0.5820532998650123, 0.5660504965343848, 0.5817662887777506, 0.5578599402444134, 0.5527759058004295, 0.5505562827598092, 0.5519042043031173]}}]}, "task_name": "ArXivHierarchicalClusteringP2P", "avg_layerwise_entropy": 0.7942267411421126, "num_samples": 64}