{"dataset_revision": "0bbdb47bcbe3a90093699aefeed338a0f28a7ee8", "evaluation_time": 32.08993935585022, "kg_co2_emissions": null, "mteb_version": "1.12.49", "scores": {"test": [{"hf_subset": "default", "languages": ["eng-Latn"], "main_score": 0.6144572183392866, "v_measure": 0.6144572183392866, "v_measure_std": 0.03825947499363233, "v_measures": {"Level 0": [0.6648321244753016, 0.6564939435294672, 0.6584576422338041, 0.6377065608332911, 0.6884307879388442, 0.6021589333499211, 0.6182361665314202, 0.6253096379432462, 0.6598255845451247, 0.6453126386528899], "Level 1": [0.5848557347197361, 0.6124407001882913, 0.5808363408911553, 0.573396371620333, 0.5748100152611252, 0.5943076509061711, 0.5652017641364877, 0.5983242937336536, 0.6065919636749256, 0.5416155116205417]}}]}, "task_name": "ArXivHierarchicalClusteringP2P", "avg_layerwise_entropy": 0.8447199656816247, "num_samples": 64}