{"dataset_revision": "0bbdb47bcbe3a90093699aefeed338a0f28a7ee8", "evaluation_time": 30.783177614212036, "kg_co2_emissions": null, "mteb_version": "1.12.49", "scores": {"test": [{"hf_subset": "default", "languages": ["eng-Latn"], "main_score": 0.6030100811959708, "v_measure": 0.6030100811959708, "v_measure_std": 0.03788513012404446, "v_measures": {"Level 0": [0.6152728564739235, 0.6246508172525599, 0.6214700339673236, 0.6521197856564895, 0.6005785121036931, 0.6025318826320825, 0.6547607884935704, 0.5904991862357968, 0.6979183186856217, 0.6308827965063303], "Level 1": [0.5274362874985206, 0.5869263996960549, 0.601662732278454, 0.5832477498322289, 0.5520985800045792, 0.607673696496578, 0.6020222518060914, 0.5822630950879707, 0.5555159784038154, 0.5706698748077309]}}]}, "task_name": "ArXivHierarchicalClusteringP2P", "avg_layerwise_entropy": 0.7258181845684953, "num_samples": 64}