{"dataset_revision": "0bbdb47bcbe3a90093699aefeed338a0f28a7ee8", "evaluation_time": 31.05489206314087, "kg_co2_emissions": null, "mteb_version": "1.12.49", "scores": {"test": [{"hf_subset": "default", "languages": ["eng-Latn"], "main_score": 0.5534555153855251, "v_measure": 0.5534555153855251, "v_measure_std": 0.030368893556275596, "v_measures": {"Level 0": [0.6208684446532596, 0.5251143604595279, 0.5129803330999162, 0.5402456744725223, 0.48814676202381707, 0.5397292409038699, 0.5208032012596718, 0.5805674562186397, 0.5847398106967316, 0.5280503591255151], "Level 1": [0.559897315553665, 0.5687486557295107, 0.5500276029978213, 0.5986237783496611, 0.5549301021693047, 0.5679133864358615, 0.5603039814612198, 0.551304143401814, 0.5383915223435171, 0.5777241763546549]}}]}, "task_name": "ArXivHierarchicalClusteringP2P", "avg_layerwise_entropy": 0.8102382422823097, "num_samples": 64}