{"dataset_revision": "0bbdb47bcbe3a90093699aefeed338a0f28a7ee8", "evaluation_time": 31.464991807937622, "kg_co2_emissions": null, "mteb_version": "1.12.49", "scores": {"test": [{"hf_subset": "default", "languages": ["eng-Latn"], "main_score": 0.6356753717324641, "v_measure": 0.6356753717324641, "v_measure_std": 0.04127080716270454, "v_measures": {"Level 0": [0.6631941997390236, 0.6925077809285222, 0.6760327473688611, 0.6612696131436316, 0.685688149277015, 0.6619122795784737, 0.6975262264378922, 0.6581100160981682, 0.6915591320600489, 0.6613252170997445], "Level 1": [0.6109790554064424, 0.5951308447266983, 0.600088399017902, 0.5743320567095647, 0.6062827125591677, 0.5940305823302646, 0.5832860848470021, 0.5956247336030052, 0.6067351527098673, 0.5978924510079876]}}]}, "task_name": "ArXivHierarchicalClusteringP2P", "avg_layerwise_entropy": 0.8293191745559437, "num_samples": 64}