{"dataset_revision": "0bbdb47bcbe3a90093699aefeed338a0f28a7ee8", "evaluation_time": 30.287945985794067, "kg_co2_emissions": null, "mteb_version": "1.12.49", "scores": {"test": [{"hf_subset": "default", "languages": ["eng-Latn"], "main_score": 0.6046869346786145, "v_measure": 0.6046869346786145, "v_measure_std": 0.03253984165395114, "v_measures": {"Level 0": [0.5762781446850718, 0.6111503918323373, 0.6898499472578503, 0.637882771558164, 0.6414685818569514, 0.6264095169511533, 0.6359194487027336, 0.647005419155984, 0.620654937428435, 0.5991862882868896], "Level 1": [0.5895914754166596, 0.5615567494446319, 0.5712585708772583, 0.5932924411964295, 0.5795063253505818, 0.5871572452287087, 0.5658164595006683, 0.5942891997005499, 0.5718418007637376, 0.5936229783774947]}}]}, "task_name": "ArXivHierarchicalClusteringP2P", "avg_layerwise_entropy": 0.8389782078316815, "num_samples": 64}