{"dataset_revision": "0bbdb47bcbe3a90093699aefeed338a0f28a7ee8", "evaluation_time": 31.631453275680542, "kg_co2_emissions": null, "mteb_version": "1.12.49", "scores": {"test": [{"hf_subset": "default", "languages": ["eng-Latn"], "main_score": 0.6040294362151398, "v_measure": 0.6040294362151398, "v_measure_std": 0.03192271339004576, "v_measures": {"Level 0": [0.6294379245858911, 0.6380470068591076, 0.662009022496326, 0.592689473897971, 0.6686829888419696, 0.618918151647721, 0.6054428485146343, 0.6432094869126621, 0.6162118351281252, 0.62781909915807], "Level 1": [0.5865745773718913, 0.5717945642182672, 0.6019689368508977, 0.5588044004602543, 0.5761832454357488, 0.59382001416871, 0.5753076656663216, 0.5785016414999368, 0.5713732786823594, 0.5637925619059285]}}]}, "task_name": "ArXivHierarchicalClusteringP2P", "avg_layerwise_entropy": 0.6117911750569628, "num_samples": 64}