{"dataset_revision": "0bbdb47bcbe3a90093699aefeed338a0f28a7ee8", "evaluation_time": 35.27945399284363, "kg_co2_emissions": null, "mteb_version": "1.12.49", "scores": {"test": [{"hf_subset": "default", "languages": ["eng-Latn"], "main_score": 0.594504436083453, "v_measure": 0.594504436083453, "v_measure_std": 0.01847553781961731, "v_measures": {"Level 0": [0.5781491819363516, 0.6181797281582292, 0.594222973031534, 0.6153632433440618, 0.5971199116381654, 0.5957071313197174, 0.5957268184817978, 0.5916359678432177, 0.6311894409119204, 0.6344081210052743], "Level 1": [0.5882516720873072, 0.5873171308670889, 0.5722035920291988, 0.6003962343832512, 0.5832712194941448, 0.5716756051221044, 0.5717226334213635, 0.5664914770640961, 0.5993554301388346, 0.5977012093914037]}}]}, "task_name": "ArXivHierarchicalClusteringP2P", "avg_layerwise_entropy": 0.8342300743037119, "num_samples": 64}