{"dataset_revision": "0bbdb47bcbe3a90093699aefeed338a0f28a7ee8", "evaluation_time": 30.51649284362793, "kg_co2_emissions": null, "mteb_version": "1.12.49", "scores": {"test": [{"hf_subset": "default", "languages": ["eng-Latn"], "main_score": 0.554654654323661, "v_measure": 0.554654654323661, "v_measure_std": 0.024114666560378608, "v_measures": {"Level 0": [0.5609270555400931, 0.6064552236687882, 0.5858406617537878, 0.5222165775338192, 0.4988126387286134, 0.5599944811925285, 0.5255353482598976, 0.5508284855835237, 0.5795707169954974, 0.5758025578431187], "Level 1": [0.5328433272569857, 0.5413929511059047, 0.551133911275645, 0.5675758230566655, 0.5542706223039882, 0.561477666733191, 0.5795940452974303, 0.5513023659341663, 0.5384135195636334, 0.5491051068459424]}}]}, "task_name": "ArXivHierarchicalClusteringP2P", "avg_layerwise_entropy": 0.33669502217360536, "num_samples": 64}