{"dataset_revision": "0bbdb47bcbe3a90093699aefeed338a0f28a7ee8", "evaluation_time": 31.53660297393799, "kg_co2_emissions": null, "mteb_version": "1.12.49", "scores": {"test": [{"hf_subset": "default", "languages": ["eng-Latn"], "main_score": 0.6253019813319813, "v_measure": 0.6253019813319813, "v_measure_std": 0.03172574466700772, "v_measures": {"Level 0": [0.6514814447527314, 0.6595320802612873, 0.6684355728641784, 0.6559439737802957, 0.6581591893291847, 0.6244839917786974, 0.6747333430704149, 0.6647795587953181, 0.637783449754414, 0.6547127502627428], "Level 1": [0.6003625744094894, 0.6050967371558278, 0.5847564867433565, 0.6025082712428729, 0.5801955909918559, 0.5951957700833841, 0.5965207835958595, 0.5938953868122049, 0.5965456762828186, 0.6009169946726919]}}]}, "task_name": "ArXivHierarchicalClusteringP2P", "avg_layerwise_entropy": 0.8325645417167675, "num_samples": 64}