{"dataset_revision": "0bbdb47bcbe3a90093699aefeed338a0f28a7ee8", "evaluation_time": 30.123883962631226, "kg_co2_emissions": null, "mteb_version": "1.12.49", "scores": {"test": [{"hf_subset": "default", "languages": ["eng-Latn"], "main_score": 0.5797579260965222, "v_measure": 0.5797579260965222, "v_measure_std": 0.017541741993559713, "v_measures": {"Level 0": [0.5925814345220914, 0.594118389167959, 0.605601764582869, 0.5670481180761944, 0.585626629725356, 0.528825050376678, 0.5848015751764494, 0.5754486559853541, 0.5674564555263527, 0.5742670637144882], "Level 1": [0.5793572293402871, 0.6024313010710023, 0.5941129018994646, 0.5741611411579257, 0.5729453504025291, 0.5764304027775601, 0.5992002288677366, 0.5735763316730365, 0.5935655283838863, 0.5536029695032241]}}]}, "task_name": "ArXivHierarchicalClusteringP2P", "avg_layerwise_entropy": 0.7903129660526407, "num_samples": 64}