{"dataset_revision": "0bbdb47bcbe3a90093699aefeed338a0f28a7ee8", "evaluation_time": 31.754712343215942, "kg_co2_emissions": null, "mteb_version": "1.12.49", "scores": {"test": [{"hf_subset": "default", "languages": ["eng-Latn"], "main_score": 0.5520856571094431, "v_measure": 0.5520856571094431, "v_measure_std": 0.02583696349324236, "v_measures": {"Level 0": [0.5654153859823877, 0.5303184627340857, 0.5194239116299766, 0.5065702496265098, 0.5486715894018107, 0.5212097725275656, 0.5676651179653386, 0.5819513149039683, 0.5292114497972414, 0.5525193428420933], "Level 1": [0.5974396191103841, 0.5585794244844035, 0.5411228806409243, 0.5862877243128128, 0.5867823188517601, 0.5230588136989315, 0.5872615255743792, 0.5559343742148254, 0.5388120562029511, 0.5434778076865123]}}]}, "task_name": "ArXivHierarchicalClusteringP2P", "avg_layerwise_entropy": 0.7946051903935799, "num_samples": 64}