{"dataset_revision": "0bbdb47bcbe3a90093699aefeed338a0f28a7ee8", "evaluation_time": 30.237303733825684, "kg_co2_emissions": null, "mteb_version": "1.12.49", "scores": {"test": [{"hf_subset": "default", "languages": ["eng-Latn"], "main_score": 0.6337382077521856, "v_measure": 0.6337382077521856, "v_measure_std": 0.03631145888968384, "v_measures": {"Level 0": [0.6904124219962621, 0.6718442066301448, 0.6441405361629665, 0.7160744669977221, 0.6423268637824834, 0.6453446411089284, 0.647274228830735, 0.6725371843911405, 0.6378582022621834, 0.6752893794687664], "Level 1": [0.6150054443512801, 0.6003862493776766, 0.60320193405994, 0.6149520969987906, 0.5905661957128004, 0.5798747855805079, 0.6296306949713115, 0.6074704762712846, 0.5946471819850859, 0.5959269641037005]}}]}, "task_name": "ArXivHierarchicalClusteringP2P", "avg_layerwise_entropy": 0.8294142249909271, "num_samples": 64}