{"dataset_revision": "0bbdb47bcbe3a90093699aefeed338a0f28a7ee8", "evaluation_time": 31.03323459625244, "kg_co2_emissions": null, "mteb_version": "1.12.49", "scores": {"test": [{"hf_subset": "default", "languages": ["eng-Latn"], "main_score": 0.6004141537448994, "v_measure": 0.6004141537448994, "v_measure_std": 0.02901704284642643, "v_measures": {"Level 0": [0.6319261571239784, 0.6137203807276819, 0.6189858495168046, 0.5988371935691307, 0.6028695512998083, 0.6393799546326175, 0.6179730293299939, 0.6673293754280581, 0.648404709550616, 0.5691127038106485], "Level 1": [0.5763273398081196, 0.5856277330077428, 0.5709695348079293, 0.565414318718573, 0.566669337850288, 0.5792760836508365, 0.5930480719856955, 0.6051564517136263, 0.5892754507260056, 0.567979847639831]}}]}, "task_name": "ArXivHierarchicalClusteringP2P", "avg_layerwise_entropy": 0.8395102294517084, "num_samples": 64}