{"dataset_revision": "0bbdb47bcbe3a90093699aefeed338a0f28a7ee8", "evaluation_time": 29.583457231521606, "kg_co2_emissions": null, "mteb_version": "1.12.49", "scores": {"test": [{"hf_subset": "default", "languages": ["eng-Latn"], "main_score": 0.552051851206953, "v_measure": 0.552051851206953, "v_measure_std": 0.02263516360621165, "v_measures": {"Level 0": [0.5776634150652653, 0.5104024799325957, 0.5048218577123502, 0.5348221157289328, 0.5410317831544968, 0.5388994777344639, 0.5661128485204465, 0.5331124173328612, 0.5495027881125435, 0.5345528150558152], "Level 1": [0.5754388847369855, 0.5537734961239561, 0.5522307824649968, 0.5738062517579876, 0.5673931381051011, 0.5522783384610271, 0.6013993222126826, 0.5645126017573092, 0.5423358581890714, 0.5669463519801711]}}]}, "task_name": "ArXivHierarchicalClusteringP2P", "avg_layerwise_entropy": 0.8038683872739509, "num_samples": 64}