{
  "dataset_revision": "70970daeab8776df92f5ea462b6173c0b46fd2d1",
  "evaluation_time": 142.51833581924438,
  "kg_co2_emissions": null,
  "mteb_version": "1.12.49",
  "scores": {
    "test": [
      {
        "cosine": {
          "accuracy": 0.8129582166060678,
          "accuracy_threshold": 0.8298471570014954,
          "ap": 0.562514998914864,
          "f1": 0.5422789689231511,
          "f1_threshold": 0.7885299324989319,
          "precision": 0.4988918439716312,
          "recall": 0.5939313984168866
        },
        "dot": {
          "accuracy": 0.7789235262561841,
          "accuracy_threshold": 5.985114097595215,
          "ap": 0.3888644590775769,
          "f1": 0.438790837401427,
          "f1_threshold": 4.794232368469238,
          "precision": 0.3405712620227339,
          "recall": 0.616622691292876
        },
        "euclidean": {
          "accuracy": 0.8081301782201824,
          "accuracy_threshold": 1.4268873929977417,
          "ap": 0.5404450414186216,
          "f1": 0.5356934901595435,
          "f1_threshold": 1.6445024013519287,
          "precision": 0.4794663331248697,
          "recall": 0.6068601583113457
        },
        "hf_subset": "default",
        "languages": [
          "eng-Latn"
        ],
        "main_score": 0.562514998914864,
        "manhattan": {
          "accuracy": 0.8077725457471538,
          "accuracy_threshold": 71.73272705078125,
          "ap": 0.5403597374353584,
          "f1": 0.5359773371104816,
          "f1_threshold": 82.68080139160156,
          "precision": 0.46971201588877853,
          "recall": 0.6240105540897097
        },
        "max": {
          "accuracy": 0.8129582166060678,
          "ap": 0.562514998914864,
          "f1": 0.5422789689231511
        },
        "similarity": {
          "accuracy": 0.8129582166060678,
          "accuracy_threshold": 0.8298471570014954,
          "ap": 0.562514998914864,
          "f1": 0.5422789689231511,
          "f1_threshold": 0.7885299324989319,
          "precision": 0.4988918439716312,
          "recall": 0.5939313984168866
        }
      }
    ]
  },
  "task_name": "TwitterSemEval2015"
}