{"dataset_revision": "0bbdb47bcbe3a90093699aefeed338a0f28a7ee8", "evaluation_time": 31.298376321792603, "kg_co2_emissions": null, "mteb_version": "1.12.49", "scores": {"test": [{"hf_subset": "default", "languages": ["eng-Latn"], "main_score": 0.5796294068344219, "v_measure": 0.5796294068344219, "v_measure_std": 0.015710267183045877, "v_measures": {"Level 0": [0.6248045368239408, 0.5730569662046088, 0.5620814275828228, 0.5896284399713264, 0.5878374823536447, 0.5621591340580729, 0.5654123915805057, 0.5817555367101064, 0.582290515644386, 0.5772535511155676], "Level 1": [0.5850664970081232, 0.5790653173468493, 0.5938225775170936, 0.5903193575171308, 0.5571915054652264, 0.5870910250349124, 0.5507970280081639, 0.5882512270795891, 0.5813293743394661, 0.5733742453269]}}]}, "task_name": "ArXivHierarchicalClusteringP2P", "avg_layerwise_entropy": 0.7882470880458908, "num_samples": 64}