{"dataset_revision": "0bbdb47bcbe3a90093699aefeed338a0f28a7ee8", "evaluation_time": 31.341050148010254, "kg_co2_emissions": null, "mteb_version": "1.12.49", "scores": {"test": [{"hf_subset": "default", "languages": ["eng-Latn"], "main_score": 0.5647951534034112, "v_measure": 0.5647951534034112, "v_measure_std": 0.022394760353455775, "v_measures": {"Level 0": [0.5926982850348222, 0.5164960856681259, 0.5419672128132085, 0.5782077135545317, 0.5765280112519741, 0.5893237354557033, 0.5641771637853928, 0.5343777329651874, 0.5621521471871755, 0.5384783943858131], "Level 1": [0.552619093452251, 0.5736209282628578, 0.540587471412442, 0.568623321263696, 0.5587424760250479, 0.5803973569094333, 0.6130327414728357, 0.5574242814012232, 0.5766638003572373, 0.5797851154092668]}}]}, "task_name": "ArXivHierarchicalClusteringP2P", "avg_layerwise_entropy": 0.8163935872238594, "num_samples": 64}