{"dataset_revision": "0bbdb47bcbe3a90093699aefeed338a0f28a7ee8", "evaluation_time": 31.141237258911133, "kg_co2_emissions": null, "mteb_version": "1.12.49", "scores": {"test": [{"hf_subset": "default", "languages": ["eng-Latn"], "main_score": 0.5813205156809323, "v_measure": 0.5813205156809323, "v_measure_std": 0.020796699434376523, "v_measures": {"Level 0": [0.5986571508340918, 0.5531963607971069, 0.6209182573522773, 0.5571823224480236, 0.6185757023954331, 0.5980350653332267, 0.5726927009649916, 0.5916149517344262, 0.5632315153746739, 0.5883485478046903], "Level 1": [0.5959368262808303, 0.612773036828385, 0.577372024136267, 0.5639910029322106, 0.5597065338204043, 0.5764632493737382, 0.590638449331154, 0.5645520005745112, 0.560449634592381, 0.5620749807098228]}}]}, "task_name": "ArXivHierarchicalClusteringP2P", "avg_layerwise_entropy": 0.8403472461413033, "num_samples": 64}