{"dataset_revision": "0bbdb47bcbe3a90093699aefeed338a0f28a7ee8", "evaluation_time": 31.216602325439453, "kg_co2_emissions": null, "mteb_version": "1.12.49", "scores": {"test": [{"hf_subset": "default", "languages": ["eng-Latn"], "main_score": 0.6297579276801127, "v_measure": 0.6297579276801127, "v_measure_std": 0.03839861551548524, "v_measures": {"Level 0": [0.7203699901897243, 0.6433246874287072, 0.616478628746225, 0.6832877193817057, 0.6730458927638223, 0.6667865171730194, 0.6601340738597135, 0.6487366595000332, 0.6629279229224766, 0.648165088852547], "Level 1": [0.611859570011799, 0.5923162868617106, 0.5870961116981711, 0.6234541263264112, 0.5817253892951232, 0.5839072146329581, 0.6019713127460705, 0.5941254968001929, 0.5975033044809219, 0.5979425599309247]}}]}, "task_name": "ArXivHierarchicalClusteringP2P", "avg_layerwise_entropy": 0.8314241132102407, "num_samples": 64}