{"dataset_revision": "0bbdb47bcbe3a90093699aefeed338a0f28a7ee8", "evaluation_time": 32.349220275878906, "kg_co2_emissions": null, "mteb_version": "1.12.49", "scores": {"test": [{"hf_subset": "default", "languages": ["eng-Latn"], "main_score": 0.6218623970862877, "v_measure": 0.6218623970862877, "v_measure_std": 0.0374885942211009, "v_measures": {"Level 0": [0.6404516688345279, 0.641973689771316, 0.6460250693881122, 0.6662117042840993, 0.6885753186532768, 0.6728640067906019, 0.6759226547183658, 0.6357856469320884, 0.6710677536988915, 0.6018296887594735], "Level 1": [0.5926945006523627, 0.5834221102629847, 0.591943076888395, 0.6024398753156792, 0.5686061288014091, 0.5773885247097789, 0.5868477214402278, 0.6109884132176325, 0.6001961417198254, 0.5820142468867018]}}]}, "task_name": "ArXivHierarchicalClusteringP2P", "avg_layerwise_entropy": 0.8463536310760198, "num_samples": 64}