{
  "dataset_revision": "70970daeab8776df92f5ea462b6173c0b46fd2d1",
  "evaluation_time": 187.98807072639465,
  "kg_co2_emissions": null,
  "mteb_version": "1.12.49",
  "scores": {
    "test": [
      {
        "cosine": {
          "accuracy": 0.8414496036240091,
          "accuracy_threshold": 0.8083401322364807,
          "ap": 0.6746741550146219,
          "f1": 0.6291271461159804,
          "f1_threshold": 0.7704538106918335,
          "precision": 0.5772196519057061,
          "recall": 0.6912928759894459
        },
        "dot": {
          "accuracy": 0.7953746200154974,
          "accuracy_threshold": 93.99160766601562,
          "ap": 0.4911266387020212,
          "f1": 0.4981196948533362,
          "f1_threshold": 81.92073822021484,
          "precision": 0.4201558818198296,
          "recall": 0.6116094986807388
        },
        "euclidean": {
          "accuracy": 0.8384097276032664,
          "accuracy_threshold": 6.369482040405273,
          "ap": 0.6663780903890302,
          "f1": 0.6319712156258033,
          "f1_threshold": 6.818647861480713,
          "precision": 0.6159819639278558,
          "recall": 0.6488126649076518
        },
        "hf_subset": "default",
        "languages": [
          "eng-Latn"
        ],
        "main_score": 0.6746741550146219,
        "manhattan": {
          "accuracy": 0.8406747332657806,
          "accuracy_threshold": 316.021728515625,
          "ap": 0.6691845007476764,
          "f1": 0.6338063231267115,
          "f1_threshold": 342.701416015625,
          "precision": 0.5999057492931197,
          "recall": 0.6717678100263852
        },
        "max": {
          "accuracy": 0.8414496036240091,
          "ap": 0.6746741550146219,
          "f1": 0.6338063231267115
        },
        "similarity": {
          "accuracy": 0.8414496036240091,
          "accuracy_threshold": 0.8083401322364807,
          "ap": 0.6746741550146219,
          "f1": 0.6291271461159804,
          "f1_threshold": 0.7704538106918335,
          "precision": 0.5772196519057061,
          "recall": 0.6912928759894459
        }
      }
    ]
  },
  "task_name": "TwitterSemEval2015"
}