{"dataset_revision": "0bbdb47bcbe3a90093699aefeed338a0f28a7ee8", "evaluation_time": 30.127413511276245, "kg_co2_emissions": null, "mteb_version": "1.12.49", "scores": {"test": [{"hf_subset": "default", "languages": ["eng-Latn"], "main_score": 0.5881319989360947, "v_measure": 0.5881319989360947, "v_measure_std": 0.01785634531562412, "v_measures": {"Level 0": [0.5977417126163757, 0.5813892235295062, 0.5803981553437922, 0.6121936624626774, 0.5857386673442154, 0.5872483726377421, 0.5716059458029631, 0.6103324330629434, 0.6324935133293585, 0.5839027410935689], "Level 1": [0.5817375677028777, 0.595976609616871, 0.5859824705496052, 0.593587331654734, 0.5560081872684196, 0.6090417416675659, 0.5854411036288545, 0.5662610165915644, 0.5609654260009515, 0.5845940968173093]}}]}, "task_name": "ArXivHierarchicalClusteringP2P", "avg_layerwise_entropy": 0.8549581672168749, "num_samples": 64}