{
  "dataset_revision": "70970daeab8776df92f5ea462b6173c0b46fd2d1",
  "evaluation_time": 141.0455300807953,
  "kg_co2_emissions": null,
  "mteb_version": "1.12.49",
  "scores": {
    "test": [
      {
        "cosine": {
          "accuracy": 0.8235679799725815,
          "accuracy_threshold": 0.813176155090332,
          "ap": 0.5976219139646786,
          "f1": 0.5605612998522894,
          "f1_threshold": 0.7688030004501343,
          "precision": 0.5253807106598984,
          "recall": 0.6007915567282321
        },
        "dot": {
          "accuracy": 0.7829170888716696,
          "accuracy_threshold": 45.83998489379883,
          "ap": 0.41816967448378406,
          "f1": 0.4541157936195353,
          "f1_threshold": 38.408687591552734,
          "precision": 0.36223688344329247,
          "recall": 0.60844327176781
        },
        "euclidean": {
          "accuracy": 0.8141503248494963,
          "accuracy_threshold": 4.2256927490234375,
          "ap": 0.5688672161144452,
          "f1": 0.5507043893351962,
          "f1_threshold": 4.9672746658325195,
          "precision": 0.4928110022921442,
          "recall": 0.6240105540897097
        },
        "hf_subset": "default",
        "languages": [
          "eng-Latn"
        ],
        "main_score": 0.5976219139646786,
        "manhattan": {
          "accuracy": 0.8166537521606962,
          "accuracy_threshold": 208.74972534179688,
          "ap": 0.5775752945912105,
          "f1": 0.5612613599036461,
          "f1_threshold": 242.46192932128906,
          "precision": 0.4796930563353921,
          "recall": 0.6762532981530343
        },
        "max": {
          "accuracy": 0.8235679799725815,
          "ap": 0.5976219139646786,
          "f1": 0.5612613599036461
        },
        "similarity": {
          "accuracy": 0.8235679799725815,
          "accuracy_threshold": 0.813176155090332,
          "ap": 0.5976219139646786,
          "f1": 0.5605612998522894,
          "f1_threshold": 0.7688030004501343,
          "precision": 0.5253807106598984,
          "recall": 0.6007915567282321
        }
      }
    ]
  },
  "task_name": "TwitterSemEval2015"
}