{"dataset_revision": "0bbdb47bcbe3a90093699aefeed338a0f28a7ee8", "evaluation_time": 30.825337886810303, "kg_co2_emissions": null, "mteb_version": "1.12.49", "scores": {"test": [{"hf_subset": "default", "languages": ["eng-Latn"], "main_score": 0.5213613533397454, "v_measure": 0.5213613533397454, "v_measure_std": 0.03630695608243241, "v_measures": {"Level 0": [0.4919533224737279, 0.4881722090901759, 0.5130097788230813, 0.4579172720103337, 0.5117899822893095, 0.457731153686076, 0.4937448755505208, 0.4794720769674, 0.4810870438369168, 0.5240910843013338], "Level 1": [0.5481083757269394, 0.5477069861296942, 0.5625386708383863, 0.5821664777860748, 0.5458186152900057, 0.5495102972496211, 0.5510543784828125, 0.5469777457160427, 0.5253871174999484, 0.5689896030465097]}}]}, "task_name": "ArXivHierarchicalClusteringP2P", "avg_layerwise_entropy": 0.8308193904505755, "num_samples": 64}