{"dataset_revision": "0bbdb47bcbe3a90093699aefeed338a0f28a7ee8", "evaluation_time": 30.723885774612427, "kg_co2_emissions": null, "mteb_version": "1.12.49", "scores": {"test": [{"hf_subset": "default", "languages": ["eng-Latn"], "main_score": 0.5811425366866659, "v_measure": 0.5811425366866659, "v_measure_std": 0.02213175721126281, "v_measures": {"Level 0": [0.5888883606485155, 0.6337606597929267, 0.568505775281282, 0.5753265358635052, 0.5547931441033649, 0.57315085274656, 0.6096603274830062, 0.5647703789546479, 0.598523735653123, 0.6188864845627238], "Level 1": [0.5582762448841103, 0.5867300569080903, 0.5763858983493612, 0.5936894840498708, 0.5804809571088783, 0.5719877438603761, 0.581000503622878, 0.5746114925859491, 0.580722266075723, 0.5326998311984256]}}]}, "task_name": "ArXivHierarchicalClusteringP2P", "avg_layerwise_entropy": 0.8177758276278343, "num_samples": 64}