{"dataset_revision": "0bbdb47bcbe3a90093699aefeed338a0f28a7ee8", "evaluation_time": 31.363450288772583, "kg_co2_emissions": null, "mteb_version": "1.12.49", "scores": {"test": [{"hf_subset": "default", "languages": ["eng-Latn"], "main_score": 0.5693228144116012, "v_measure": 0.5693228144116012, "v_measure_std": 0.028901511368341574, "v_measures": {"Level 0": [0.5701955752856727, 0.5260471437322182, 0.5479744658422054, 0.5444685940467469, 0.601785529606586, 0.563789502360066, 0.5205128534062087, 0.589154466411521, 0.5009370473736889, 0.5694872277881322], "Level 1": [0.5770306321179256, 0.5709904741261749, 0.5703852055406351, 0.5828928393995316, 0.5753081083513197, 0.617790316254472, 0.5637017096771151, 0.6046239603206862, 0.5911584105085604, 0.5982222260825534]}}]}, "task_name": "ArXivHierarchicalClusteringP2P", "avg_layerwise_entropy": 0.8401603684745588, "num_samples": 64}