{"dataset_revision": "0bbdb47bcbe3a90093699aefeed338a0f28a7ee8", "evaluation_time": 29.909257650375366, "kg_co2_emissions": null, "mteb_version": "1.12.49", "scores": {"test": [{"hf_subset": "default", "languages": ["eng-Latn"], "main_score": 0.5603600490076242, "v_measure": 0.5603600490076242, "v_measure_std": 0.03652866370497366, "v_measures": {"Level 0": [0.5541616590405355, 0.5125779505889575, 0.55931352345182, 0.5208911815941893, 0.5704712287731811, 0.4989168365458406, 0.5554249397344714, 0.5283024943470543, 0.5885579312618104, 0.473407404814165], "Level 1": [0.5781711772653935, 0.5588973189276047, 0.5667946600274255, 0.5719134961524399, 0.6035835663852751, 0.5778874487814408, 0.5973581698388016, 0.6145832193342727, 0.565465180215754, 0.6105215930720489]}}]}, "task_name": "ArXivHierarchicalClusteringP2P", "avg_layerwise_entropy": 0.8156050686543227, "num_samples": 64}