{"dataset_revision": "0bbdb47bcbe3a90093699aefeed338a0f28a7ee8", "evaluation_time": 28.88503074645996, "kg_co2_emissions": null, "mteb_version": "1.12.49", "scores": {"test": [{"hf_subset": "default", "languages": ["eng-Latn"], "main_score": 0.5256258213411913, "v_measure": 0.5256258213411913, "v_measure_std": 0.04659662117343944, "v_measures": {"Level 0": [0.46164941134438325, 0.49221659999240613, 0.5052125809370156, 0.4860313051234686, 0.5088811278421859, 0.46355195665531684, 0.457064132751707, 0.47627030035969975, 0.5220953252306312, 0.46634844217238414], "Level 1": [0.5573590977702738, 0.5867613414708505, 0.5491349368252247, 0.5531282646372803, 0.5439027400408194, 0.5995231540186038, 0.5545056440081974, 0.5627493247121182, 0.6027573157935205, 0.5633734251377395]}}]}, "task_name": "ArXivHierarchicalClusteringP2P", "avg_layerwise_entropy": 0.8330545335186981, "num_samples": 64}