{"dataset_revision": "0bbdb47bcbe3a90093699aefeed338a0f28a7ee8", "evaluation_time": 30.511018991470337, "kg_co2_emissions": null, "mteb_version": "1.12.49", "scores": {"test": [{"hf_subset": "default", "languages": ["eng-Latn"], "main_score": 0.5627150566243219, "v_measure": 0.5627150566243219, "v_measure_std": 0.023557961294874426, "v_measures": {"Level 0": [0.5493464297512506, 0.5876817715537894, 0.5541251784032025, 0.5600996580682961, 0.5603156908344104, 0.5384792365016025, 0.5583301361014725, 0.5390030398936776, 0.5389461154808256, 0.6102891825708422], "Level 1": [0.546931461925245, 0.5795685299566041, 0.5978315033111176, 0.6050867098282463, 0.5596743806790843, 0.5786289276209923, 0.5222961841949579, 0.5541741397337955, 0.5392546239977114, 0.5742382320793114]}}]}, "task_name": "ArXivHierarchicalClusteringP2P", "avg_layerwise_entropy": 0.7664517216160499, "num_samples": 64}