{"dataset_revision": "0bbdb47bcbe3a90093699aefeed338a0f28a7ee8", "evaluation_time": 29.63018774986267, "kg_co2_emissions": null, "mteb_version": "1.12.49", "scores": {"test": [{"hf_subset": "default", "languages": ["eng-Latn"], "main_score": 0.5341053556200859, "v_measure": 0.5341053556200859, "v_measure_std": 0.04057795757622806, "v_measures": {"Level 0": [0.5409175969906357, 0.5384078547607061, 0.5328373405480571, 0.527146428250045, 0.44735007579291414, 0.49664941783669286, 0.4880544796289539, 0.4887586279596151, 0.5163264821635808, 0.45210463967629627], "Level 1": [0.569542961308938, 0.5505046521454526, 0.5588639690682617, 0.5533686805757255, 0.5940270275819558, 0.5761967628845696, 0.5784690217562823, 0.537375118547325, 0.5845690118922626, 0.5506369630334457]}}]}, "task_name": "ArXivHierarchicalClusteringP2P", "avg_layerwise_entropy": 0.8623507492027025, "num_samples": 64}