{"dataset_revision": "0bbdb47bcbe3a90093699aefeed338a0f28a7ee8", "evaluation_time": 31.68446373939514, "kg_co2_emissions": null, "mteb_version": "1.12.49", "scores": {"test": [{"hf_subset": "default", "languages": ["eng-Latn"], "main_score": 0.6272800341932745, "v_measure": 0.6272800341932745, "v_measure_std": 0.03613928555021155, "v_measures": {"Level 0": [0.6742756191048379, 0.6766626931197568, 0.6634912620724959, 0.6398292809975982, 0.6395138503747799, 0.6805718515340197, 0.6670262464575621, 0.6525459511939723, 0.6757612702476462, 0.6337572781845533], "Level 1": [0.6114972026650125, 0.6046702169293757, 0.5886134954414188, 0.5771974222678063, 0.5848016331250027, 0.6135707307281973, 0.5917597696822239, 0.5896214647063038, 0.6007411711760965, 0.5796922738568299]}}]}, "task_name": "ArXivHierarchicalClusteringP2P", "avg_layerwise_entropy": 0.8389099420197321, "num_samples": 64}