{"dataset_revision": "0bbdb47bcbe3a90093699aefeed338a0f28a7ee8", "evaluation_time": 32.41510248184204, "kg_co2_emissions": null, "mteb_version": "1.12.49", "scores": {"test": [{"hf_subset": "default", "languages": ["eng-Latn"], "main_score": 0.615710259678506, "v_measure": 0.615710259678506, "v_measure_std": 0.04220982828161304, "v_measures": {"Level 0": [0.6590006587592412, 0.7111540524337824, 0.6297164015989981, 0.6898631416084543, 0.5919037278237878, 0.6324265969079841, 0.6638042814052759, 0.6389512590590999, 0.66277501202436, 0.6230294960931296], "Level 1": [0.5733888033957929, 0.5722170612483352, 0.5762936241308289, 0.5810904280132857, 0.5922612100939624, 0.5631923547403556, 0.5898214430288822, 0.5887045348878994, 0.5765627628498157, 0.5980483434668509]}}]}, "task_name": "ArXivHierarchicalClusteringP2P", "avg_layerwise_entropy": 0.8533185329045864, "num_samples": 64}