{
  "dataset_revision": "70970daeab8776df92f5ea462b6173c0b46fd2d1",
  "evaluation_time": 209.6099796295166,
  "kg_co2_emissions": null,
  "mteb_version": "1.12.49",
  "scores": {
    "test": [
      {
        "cosine": {
          "accuracy": 0.8344161649877809,
          "accuracy_threshold": 0.829982340335846,
          "ap": 0.6331830878533097,
          "f1": 0.597105864432597,
          "f1_threshold": 0.7923443913459778,
          "precision": 0.5753424657534246,
          "recall": 0.6205804749340369
        },
        "dot": {
          "accuracy": 0.7910234249269834,
          "accuracy_threshold": 621.017333984375,
          "ap": 0.439387018800525,
          "f1": 0.4338469955320507,
          "f1_threshold": 519.94970703125,
          "precision": 0.3314755468858855,
          "recall": 0.6277044854881266
        },
        "euclidean": {
          "accuracy": 0.8294689157775526,
          "accuracy_threshold": 15.21583366394043,
          "ap": 0.6216061014113285,
          "f1": 0.5887139107611549,
          "f1_threshold": 16.57976722717285,
          "precision": 0.5856396866840731,
          "recall": 0.591820580474934
        },
        "hf_subset": "default",
        "languages": [
          "eng-Latn"
        ],
        "main_score": 0.6331830878533097,
        "manhattan": {
          "accuracy": 0.8297669428384097,
          "accuracy_threshold": 765.5980224609375,
          "ap": 0.6241650813249927,
          "f1": 0.5920229405630866,
          "f1_threshold": 841.4053955078125,
          "precision": 0.5850077279752705,
          "recall": 0.5992084432717678
        },
        "max": {
          "accuracy": 0.8344161649877809,
          "ap": 0.6331830878533097,
          "f1": 0.597105864432597
        },
        "similarity": {
          "accuracy": 0.8344161649877809,
          "accuracy_threshold": 0.829982340335846,
          "ap": 0.6331830878533097,
          "f1": 0.597105864432597,
          "f1_threshold": 0.7923443913459778,
          "precision": 0.5753424657534246,
          "recall": 0.6205804749340369
        }
      }
    ]
  },
  "task_name": "TwitterSemEval2015"
}