{"dataset_revision": "0bbdb47bcbe3a90093699aefeed338a0f28a7ee8", "evaluation_time": 30.10325288772583, "kg_co2_emissions": null, "mteb_version": "1.12.49", "scores": {"test": [{"hf_subset": "default", "languages": ["eng-Latn"], "main_score": 0.5423887193467812, "v_measure": 0.5423887193467812, "v_measure_std": 0.023204706768407964, "v_measures": {"Level 0": [0.5384787154038093, 0.5384540154134142, 0.5568801577651944, 0.509195622640199, 0.5278152133929739, 0.5229390331689512, 0.5128776345477088, 0.5461963650272326, 0.5208801119311499, 0.4877718086528208], "Level 1": [0.5324655328354185, 0.5457750245078423, 0.5616770340250177, 0.5602801264571369, 0.5528163536990565, 0.5483368253827708, 0.5610694853865573, 0.5721667777708291, 0.5823220260502534, 0.5693765228772876]}}]}, "task_name": "ArXivHierarchicalClusteringP2P", "avg_layerwise_entropy": 0.7995687313976727, "num_samples": 64}