{"dataset_revision": "0bbdb47bcbe3a90093699aefeed338a0f28a7ee8", "evaluation_time": 30.04905939102173, "kg_co2_emissions": null, "mteb_version": "1.12.49", "scores": {"test": [{"hf_subset": "default", "languages": ["eng-Latn"], "main_score": 0.601132616320573, "v_measure": 0.601132616320573, "v_measure_std": 0.03265815206910005, "v_measures": {"Level 0": [0.6671057389407166, 0.582905230514922, 0.6338364281969067, 0.6262309714586556, 0.5805951414830748, 0.5962443109677257, 0.6324187514031032, 0.6357586879849677, 0.6221801725337694, 0.6576295474875163], "Level 1": [0.6094376771279374, 0.5611443948409173, 0.5781160906867182, 0.5920902067404419, 0.576100352954237, 0.6056645549890973, 0.561608795506865, 0.5717218644170519, 0.5866261957340599, 0.5452372124427755]}}]}, "task_name": "ArXivHierarchicalClusteringP2P", "avg_layerwise_entropy": 0.8348674206310229, "num_samples": 64}