{
  "dataset_revision": "70970daeab8776df92f5ea462b6173c0b46fd2d1",
  "evaluation_time": 145.20319890975952,
  "kg_co2_emissions": null,
  "mteb_version": "1.12.49",
  "scores": {
    "test": [
      {
        "cosine": {
          "accuracy": 0.8216606067830959,
          "accuracy_threshold": 0.8804094791412354,
          "ap": 0.5907325975102282,
          "f1": 0.55313670411985,
          "f1_threshold": 0.841823399066925,
          "precision": 0.4970551114850652,
          "recall": 0.6234828496042216
        },
        "dot": {
          "accuracy": 0.7766585205936699,
          "accuracy_threshold": 365.0732421875,
          "ap": 0.3035087055667393,
          "f1": 0.36887120835405274,
          "f1_threshold": 207.24404907226562,
          "precision": 0.2272671568627451,
          "recall": 0.9786279683377309
        },
        "euclidean": {
          "accuracy": 0.8162365142754963,
          "accuracy_threshold": 9.043951988220215,
          "ap": 0.5753185566348721,
          "f1": 0.5551213735938425,
          "f1_threshold": 10.304080963134766,
          "precision": 0.5035445757250269,
          "recall": 0.6184696569920844
        },
        "hf_subset": "default",
        "languages": [
          "eng-Latn"
        ],
        "main_score": 0.5907325975102282,
        "manhattan": {
          "accuracy": 0.8170113846337247,
          "accuracy_threshold": 441.9785461425781,
          "ap": 0.5786294952058593,
          "f1": 0.5618366904916612,
          "f1_threshold": 515.23046875,
          "precision": 0.47648787656135194,
          "recall": 0.6844327176781002
        },
        "max": {
          "accuracy": 0.8216606067830959,
          "ap": 0.5907325975102282,
          "f1": 0.5618366904916612
        },
        "similarity": {
          "accuracy": 0.8216606067830959,
          "accuracy_threshold": 0.8804094791412354,
          "ap": 0.5907325975102282,
          "f1": 0.55313670411985,
          "f1_threshold": 0.841823399066925,
          "precision": 0.4970551114850652,
          "recall": 0.6234828496042216
        }
      }
    ]
  },
  "task_name": "TwitterSemEval2015"
}