{"dataset_revision": "0bbdb47bcbe3a90093699aefeed338a0f28a7ee8", "evaluation_time": 32.0907838344574, "kg_co2_emissions": null, "mteb_version": "1.12.49", "scores": {"test": [{"hf_subset": "default", "languages": ["eng-Latn"], "main_score": 0.5531186883537339, "v_measure": 0.5531186883537339, "v_measure_std": 0.027195571666093026, "v_measures": {"Level 0": [0.5622572912912011, 0.49553801590897206, 0.5173764117285119, 0.5766765703103678, 0.5737747226969365, 0.5403857483243025, 0.5622881053077035, 0.4982099636561473, 0.5328174002020105, 0.5439856211731832], "Level 1": [0.541690778912704, 0.5887423983868117, 0.5721990772249903, 0.5763814870310181, 0.5392864612331354, 0.5905812507975988, 0.5729793612002079, 0.5357321722232599, 0.561791990033287, 0.5796789394323313]}}]}, "task_name": "ArXivHierarchicalClusteringP2P", "avg_layerwise_entropy": 0.8274904017909062, "num_samples": 64}