{
  "dataset_revision": "70970daeab8776df92f5ea462b6173c0b46fd2d1",
  "evaluation_time": 187.72838044166565,
  "kg_co2_emissions": null,
  "mteb_version": "1.12.49",
  "scores": {
    "test": [
      {
        "cosine": {
          "accuracy": 0.8356678786433808,
          "accuracy_threshold": 0.8687881827354431,
          "ap": 0.6491939078311502,
          "f1": 0.6063974311473386,
          "f1_threshold": 0.8480905294418335,
          "precision": 0.5700023218017182,
          "recall": 0.6477572559366754
        },
        "dot": {
          "accuracy": 0.7810097156821839,
          "accuracy_threshold": 24.540142059326172,
          "ap": 0.4059883832661968,
          "f1": 0.4405641370047011,
          "f1_threshold": 21.136791229248047,
          "precision": 0.34614804764058493,
          "recall": 0.6058047493403694
        },
        "euclidean": {
          "accuracy": 0.8314358943792096,
          "accuracy_threshold": 2.564732074737549,
          "ap": 0.6413506315913753,
          "f1": 0.6060760137282318,
          "f1_threshold": 2.7579681873321533,
          "precision": 0.5847436840814324,
          "recall": 0.629023746701847
        },
        "hf_subset": "default",
        "languages": [
          "eng-Latn"
        ],
        "main_score": 0.6491939078311502,
        "manhattan": {
          "accuracy": 0.8323895809739524,
          "accuracy_threshold": 126.928955078125,
          "ap": 0.6457871016551249,
          "f1": 0.6071200714559143,
          "f1_threshold": 133.9398193359375,
          "precision": 0.5878428465530022,
          "recall": 0.6277044854881266
        },
        "max": {
          "accuracy": 0.8356678786433808,
          "ap": 0.6491939078311502,
          "f1": 0.6071200714559143
        },
        "similarity": {
          "accuracy": 0.8356678786433808,
          "accuracy_threshold": 0.8687881827354431,
          "ap": 0.6491939078311502,
          "f1": 0.6063974311473386,
          "f1_threshold": 0.8480905294418335,
          "precision": 0.5700023218017182,
          "recall": 0.6477572559366754
        }
      }
    ]
  },
  "task_name": "TwitterSemEval2015"
}