{"dataset_revision": "0bbdb47bcbe3a90093699aefeed338a0f28a7ee8", "evaluation_time": 30.782552242279053, "kg_co2_emissions": null, "mteb_version": "1.12.49", "scores": {"test": [{"hf_subset": "default", "languages": ["eng-Latn"], "main_score": 0.5403335043388034, "v_measure": 0.5403335043388034, "v_measure_std": 0.026016552267968927, "v_measures": {"Level 0": [0.512277048451918, 0.5308845179006628, 0.5502774425806591, 0.4861894252096938, 0.54573430246557, 0.5797665946098682, 0.5535221424018056, 0.5469354252107568, 0.5510506578465623, 0.46365868575075303], "Level 1": [0.5569230621592718, 0.5345924140235055, 0.5542773909916798, 0.5509588599737415, 0.5438689440762549, 0.5558900205649443, 0.5536696598386517, 0.5645644380169791, 0.5447285299781636, 0.5269005247246257]}}]}, "task_name": "ArXivHierarchicalClusteringP2P", "avg_layerwise_entropy": 0.8330029490173486, "num_samples": 64}