{
  "dataset_revision": "70970daeab8776df92f5ea462b6173c0b46fd2d1",
  "evaluation_time": 141.07321906089783,
  "kg_co2_emissions": null,
  "mteb_version": "1.12.49",
  "scores": {
    "test": [
      {
        "cosine": {
          "accuracy": 0.8105143947070395,
          "accuracy_threshold": 0.8391170501708984,
          "ap": 0.537357490127785,
          "f1": 0.5226506024096386,
          "f1_threshold": 0.8002868294715881,
          "precision": 0.48093126385809315,
          "recall": 0.5722955145118733
        },
        "dot": {
          "accuracy": 0.7753472015258985,
          "accuracy_threshold": 8.890287399291992,
          "ap": 0.32476980624285845,
          "f1": 0.4061866506494482,
          "f1_threshold": 6.422657012939453,
          "precision": 0.2838702906915731,
          "recall": 0.7137203166226913
        },
        "euclidean": {
          "accuracy": 0.8086666269297252,
          "accuracy_threshold": 1.6564865112304688,
          "ap": 0.5351696658745559,
          "f1": 0.5290780141843971,
          "f1_threshold": 1.873907446861267,
          "precision": 0.47922912205567453,
          "recall": 0.5905013192612137
        },
        "hf_subset": "default",
        "languages": [
          "eng-Latn"
        ],
        "main_score": 0.537357490127785,
        "manhattan": {
          "accuracy": 0.808070572808011,
          "accuracy_threshold": 80.17061614990234,
          "ap": 0.5332726384630655,
          "f1": 0.5284806182226099,
          "f1_threshold": 91.83139038085938,
          "precision": 0.5008268367587999,
          "recall": 0.5593667546174143
        },
        "max": {
          "accuracy": 0.8105143947070395,
          "ap": 0.537357490127785,
          "f1": 0.5290780141843971
        },
        "similarity": {
          "accuracy": 0.8105143947070395,
          "accuracy_threshold": 0.8391170501708984,
          "ap": 0.537357490127785,
          "f1": 0.5226506024096386,
          "f1_threshold": 0.8002868294715881,
          "precision": 0.48093126385809315,
          "recall": 0.5722955145118733
        }
      }
    ]
  },
  "task_name": "TwitterSemEval2015"
}