{"dataset_revision": "0bbdb47bcbe3a90093699aefeed338a0f28a7ee8", "evaluation_time": 31.094823837280273, "kg_co2_emissions": null, "mteb_version": "1.12.49", "scores": {"test": [{"hf_subset": "default", "languages": ["eng-Latn"], "main_score": 0.6226586119612266, "v_measure": 0.6226586119612266, "v_measure_std": 0.044771412903190595, "v_measures": {"Level 0": [0.6819110856748439, 0.5940120104749717, 0.6549207867614473, 0.6712369197536042, 0.6393814537301641, 0.6555027944581286, 0.6695658408445341, 0.7009649772819443, 0.6750630449056272, 0.6802496136536795], "Level 1": [0.5735799129588025, 0.5885022667295995, 0.5699548943108884, 0.5969122094422636, 0.5788286880463839, 0.5854244219905683, 0.5919295638124067, 0.5842206291129505, 0.568156570107239, 0.5928545551744836]}}]}, "task_name": "ArXivHierarchicalClusteringP2P", "avg_layerwise_entropy": 0.8549247752755852, "num_samples": 64}