{"dataset_revision": "0bbdb47bcbe3a90093699aefeed338a0f28a7ee8", "evaluation_time": 30.658430814743042, "kg_co2_emissions": null, "mteb_version": "1.12.49", "scores": {"test": [{"hf_subset": "default", "languages": ["eng-Latn"], "main_score": 0.5662344270637629, "v_measure": 0.5662344270637629, "v_measure_std": 0.021113375428805262, "v_measures": {"Level 0": [0.5919484432271157, 0.5644293375457886, 0.548312701766131, 0.5285490509654603, 0.5520886012914387, 0.573751767321229, 0.5149337445025973, 0.5627741942115723, 0.5366493690276583, 0.5822031318109232], "Level 1": [0.5811859319485209, 0.5731304881452648, 0.5497071908936295, 0.5676474161904422, 0.5863411577915594, 0.5859967724311267, 0.5933611556750213, 0.5821682033742921, 0.5735299277618673, 0.5759799553936179]}}]}, "task_name": "ArXivHierarchicalClusteringP2P", "avg_layerwise_entropy": 0.8229577261894918, "num_samples": 64}