{"dataset_revision": "0bbdb47bcbe3a90093699aefeed338a0f28a7ee8", "evaluation_time": 31.69640326499939, "kg_co2_emissions": null, "mteb_version": "1.12.49", "scores": {"test": [{"hf_subset": "default", "languages": ["eng-Latn"], "main_score": 0.621806163760062, "v_measure": 0.621806163760062, "v_measure_std": 0.03348155448403415, "v_measures": {"Level 0": [0.6572897018249184, 0.6527786741854, 0.6626192160224458, 0.671057877234702, 0.6757454601699786, 0.6265624951419727, 0.6474817006890144, 0.6216276153834149, 0.6459749934407106, 0.6462331785510569], "Level 1": [0.5742518248441478, 0.5967301220470971, 0.5988436696056079, 0.5715238998028351, 0.5943505035464395, 0.6221997267922489, 0.6217623338029606, 0.5738432608862084, 0.5883999326207143, 0.5868470886093656]}}]}, "task_name": "ArXivHierarchicalClusteringP2P", "avg_layerwise_entropy": 0.829732618634378, "num_samples": 64}