{"dataset_revision": "0bbdb47bcbe3a90093699aefeed338a0f28a7ee8", "evaluation_time": 31.216840028762817, "kg_co2_emissions": null, "mteb_version": "1.12.49", "scores": {"test": [{"hf_subset": "default", "languages": ["eng-Latn"], "main_score": 0.5592620911713497, "v_measure": 0.5592620911713497, "v_measure_std": 0.029434580325533366, "v_measures": {"Level 0": [0.5337686389641324, 0.5350137993928292, 0.5532701100031986, 0.49239768223778685, 0.5543312994341578, 0.5594271227392922, 0.5357843266950651, 0.5082616796588204, 0.5815276716715521, 0.5319867026021469], "Level 1": [0.5713347296267269, 0.5869479571992653, 0.5588875410880423, 0.5693658066735283, 0.5816863560792808, 0.5843219577034819, 0.5739647351418251, 0.6212100535587608, 0.590295720664508, 0.5614579322925946]}}]}, "task_name": "ArXivHierarchicalClusteringP2P", "avg_layerwise_entropy": 0.8026054708495616, "num_samples": 64}