{"dataset_revision": "0bbdb47bcbe3a90093699aefeed338a0f28a7ee8", "evaluation_time": 31.512916564941406, "kg_co2_emissions": null, "mteb_version": "1.12.49", "scores": {"test": [{"hf_subset": "default", "languages": ["eng-Latn"], "main_score": 0.5933971032533276, "v_measure": 0.5933971032533276, "v_measure_std": 0.020952330371494306, "v_measures": {"Level 0": [0.6311078510029565, 0.5948273180863884, 0.5563265162842296, 0.6171902750240028, 0.5751078632042111, 0.6020689295730507, 0.5778596944765798, 0.6142052467368468, 0.5483672490418781, 0.6004073497451772], "Level 1": [0.5685529915435965, 0.603268279112812, 0.5855110568286637, 0.6091396901076178, 0.6126089681072721, 0.6129958983331179, 0.6030300268329356, 0.5941082417513113, 0.5859849642022191, 0.5752736550716848]}}]}, "task_name": "ArXivHierarchicalClusteringP2P", "avg_layerwise_entropy": 0.7393885180352104, "num_samples": 64}