{"dataset_revision": "0bbdb47bcbe3a90093699aefeed338a0f28a7ee8", "evaluation_time": 27.78990602493286, "kg_co2_emissions": null, "mteb_version": "1.12.49", "scores": {"test": [{"hf_subset": "default", "languages": ["eng-Latn"], "main_score": 0.48594732818868386, "v_measure": 0.48594732818868386, "v_measure_std": 0.06701177693514812, "v_measures": {"Level 0": [0.43274176620635785, 0.40327783981900134, 0.45042794414935655, 0.4418124012925934, 0.46866506496828825, 0.44243020220464263, 0.43933923560399435, 0.39169858942691554, 0.41589024504162325, 0.3725723373177361], "Level 1": [0.5489976515197801, 0.5238112202947637, 0.5330306728867636, 0.5393303752948101, 0.5179428716852665, 0.6118114020337392, 0.5196163446499842, 0.5551796600421756, 0.5159940998604302, 0.5943766394754542]}}]}, "task_name": "ArXivHierarchicalClusteringP2P", "avg_layerwise_entropy": 0.8309994601509785, "num_samples": 64}