{"dataset_revision": "0bbdb47bcbe3a90093699aefeed338a0f28a7ee8", "evaluation_time": 31.554758310317993, "kg_co2_emissions": null, "mteb_version": "1.12.49", "scores": {"test": [{"hf_subset": "default", "languages": ["eng-Latn"], "main_score": 0.5515919850389835, "v_measure": 0.5515919850389835, "v_measure_std": 0.04220693786445369, "v_measures": {"Level 0": [0.6096975867380368, 0.6011454873138263, 0.5590697588761695, 0.5271115369663352, 0.44849756447302497, 0.4990318550878937, 0.5285280704388463, 0.5555594569819438, 0.5053944148257488, 0.47859111186606235], "Level 1": [0.5546875138813392, 0.5440808480825866, 0.5830961182641413, 0.5457863861319102, 0.5824825243812763, 0.5962742484529369, 0.5767065211215042, 0.6025700435704848, 0.5649490999576249, 0.5685795533679783]}}]}, "task_name": "ArXivHierarchicalClusteringP2P", "avg_layerwise_entropy": 0.814272515679315, "num_samples": 64}