{"dataset_revision": "0bbdb47bcbe3a90093699aefeed338a0f28a7ee8", "evaluation_time": 29.52777361869812, "kg_co2_emissions": null, "mteb_version": "1.12.49", "scores": {"test": [{"hf_subset": "default", "languages": ["eng-Latn"], "main_score": 0.5891434390063132, "v_measure": 0.5891434390063132, "v_measure_std": 0.019719447063590953, "v_measures": {"Level 0": [0.6112427105087751, 0.6070941095676515, 0.6220189327077391, 0.5930368738513231, 0.5858239669264288, 0.5837617011231387, 0.5869318122678124, 0.553137879232534, 0.5994953360942417, 0.6132363592494552], "Level 1": [0.5902500710403733, 0.5591473785390509, 0.6007622595084723, 0.6130722400140157, 0.6052651094651841, 0.5749405234680371, 0.5885119049954861, 0.5693405594365372, 0.563743234860723, 0.562055817269284]}}]}, "task_name": "ArXivHierarchicalClusteringP2P", "avg_layerwise_entropy": 0.7902125579703662, "num_samples": 64}