{"dataset_revision": "0bbdb47bcbe3a90093699aefeed338a0f28a7ee8", "evaluation_time": 30.50343084335327, "kg_co2_emissions": null, "mteb_version": "1.12.49", "scores": {"test": [{"hf_subset": "default", "languages": ["eng-Latn"], "main_score": 0.5570320191194825, "v_measure": 0.5570320191194825, "v_measure_std": 0.03254756993178331, "v_measures": {"Level 0": [0.5376514139377571, 0.5236013736470262, 0.5579925870892212, 0.5209116308179822, 0.5731984926171072, 0.48330221153858405, 0.5297353333054637, 0.5114820216276101, 0.5549436936781075, 0.5263456636094656], "Level 1": [0.5958966742751911, 0.594205157376403, 0.6005893692393423, 0.5915193428252107, 0.5548191790950423, 0.5542555668017869, 0.5757588672850962, 0.5948583704498474, 0.5721678766722132, 0.5874055565011932]}}]}, "task_name": "ArXivHierarchicalClusteringP2P", "avg_layerwise_entropy": 0.8179947645574569, "num_samples": 64}