{"dataset_revision": "0bbdb47bcbe3a90093699aefeed338a0f28a7ee8", "evaluation_time": 32.385767459869385, "kg_co2_emissions": null, "mteb_version": "1.12.49", "scores": {"test": [{"hf_subset": "default", "languages": ["eng-Latn"], "main_score": 0.6180726745521381, "v_measure": 0.6180726745521381, "v_measure_std": 0.039658901583070075, "v_measures": {"Level 0": [0.6010514386807491, 0.6627881298413779, 0.6291258365195463, 0.6745559536141896, 0.6712047165202422, 0.6730812081672608, 0.6394518687562484, 0.6699658094496876, 0.6246148845931833, 0.6775899296978741], "Level 1": [0.5952646559824107, 0.5791266458831952, 0.5777381295075861, 0.5891716761124157, 0.5801374701360285, 0.611838658841039, 0.5682340736192427, 0.5757742045460336, 0.5709465967475416, 0.5897916038269073]}}]}, "task_name": "ArXivHierarchicalClusteringP2P", "avg_layerwise_entropy": 0.8463104044306471, "num_samples": 64}