{
  "dataset_revision": "70970daeab8776df92f5ea462b6173c0b46fd2d1",
  "evaluation_time": 183.0462441444397,
  "kg_co2_emissions": null,
  "mteb_version": "1.12.49",
  "scores": {
    "test": [
      {
        "cosine": {
          "accuracy": 0.8385885438397807,
          "accuracy_threshold": 0.8411184549331665,
          "ap": 0.6635888836894717,
          "f1": 0.6231774761186527,
          "f1_threshold": 0.8080101609230042,
          "precision": 0.5950552088334133,
          "recall": 0.654089709762533
        },
        "dot": {
          "accuracy": 0.7828574834594981,
          "accuracy_threshold": 305.74114990234375,
          "ap": 0.3985804592392297,
          "f1": 0.41993530125353823,
          "f1_threshold": 251.36013793945312,
          "precision": 0.34038020321206164,
          "recall": 0.5480211081794195
        },
        "euclidean": {
          "accuracy": 0.8368599868868093,
          "accuracy_threshold": 10.091462135314941,
          "ap": 0.6532553748813189,
          "f1": 0.6169240271772699,
          "f1_threshold": 11.029610633850098,
          "precision": 0.5800232288037166,
          "recall": 0.6588390501319261
        },
        "hf_subset": "default",
        "languages": [
          "eng-Latn"
        ],
        "main_score": 0.6635888836894717,
        "manhattan": {
          "accuracy": 0.8376348572450378,
          "accuracy_threshold": 508.6273193359375,
          "ap": 0.6555512515795083,
          "f1": 0.6187209017397697,
          "f1_threshold": 555.9193115234375,
          "precision": 0.5775388838060385,
          "recall": 0.6662269129287599
        },
        "max": {
          "accuracy": 0.8385885438397807,
          "ap": 0.6635888836894717,
          "f1": 0.6231774761186527
        },
        "similarity": {
          "accuracy": 0.8385885438397807,
          "accuracy_threshold": 0.8411184549331665,
          "ap": 0.6635888836894717,
          "f1": 0.6231774761186527,
          "f1_threshold": 0.8080101609230042,
          "precision": 0.5950552088334133,
          "recall": 0.654089709762533
        }
      }
    ]
  },
  "task_name": "TwitterSemEval2015"
}