{"dataset_revision": "0bbdb47bcbe3a90093699aefeed338a0f28a7ee8", "evaluation_time": 31.546984672546387, "kg_co2_emissions": null, "mteb_version": "1.12.49", "scores": {"test": [{"hf_subset": "default", "languages": ["eng-Latn"], "main_score": 0.6069975734162716, "v_measure": 0.6069975734162716, "v_measure_std": 0.035939795007573556, "v_measures": {"Level 0": [0.6775095476214358, 0.5832210799700864, 0.6732471708428805, 0.5952312253316159, 0.663644104640265, 0.6450437498569366, 0.6308933338999047, 0.6144379644687452, 0.6017638322440628, 0.6389591068132008], "Level 1": [0.5871678294952262, 0.5875430834834182, 0.572091712351794, 0.5544693839096894, 0.5793826334844017, 0.6032416386711946, 0.5564038102789248, 0.6129126382695318, 0.579784195413894, 0.5830034272782249]}}]}, "task_name": "ArXivHierarchicalClusteringP2P", "avg_layerwise_entropy": 0.8512144046227383, "num_samples": 64}