{"dataset_revision": "0bbdb47bcbe3a90093699aefeed338a0f28a7ee8", "evaluation_time": 31.301631927490234, "kg_co2_emissions": null, "mteb_version": "1.12.49", "scores": {"test": [{"hf_subset": "default", "languages": ["eng-Latn"], "main_score": 0.5701006539134998, "v_measure": 0.5701006539134998, "v_measure_std": 0.016936412462741066, "v_measures": {"Level 0": [0.5528765470218993, 0.5376614831833677, 0.5627446242013281, 0.5835644266987212, 0.5704671565019698, 0.5388133635713303, 0.5579099491719572, 0.5868124523304403, 0.5781633523936178, 0.5488752518527341], "Level 1": [0.5576359271837804, 0.5783600059619091, 0.5724461498512626, 0.6001976104543791, 0.5786046407225777, 0.5892772672065316, 0.5954133767343661, 0.5703769032190482, 0.5734511996410876, 0.5683613903676878]}}]}, "task_name": "ArXivHierarchicalClusteringP2P", "avg_layerwise_entropy": 0.7978502409148911, "num_samples": 64}