{"dataset_revision": "0bbdb47bcbe3a90093699aefeed338a0f28a7ee8", "evaluation_time": 30.65196204185486, "kg_co2_emissions": null, "mteb_version": "1.12.49", "scores": {"test": [{"hf_subset": "default", "languages": ["eng-Latn"], "main_score": 0.5907936001716139, "v_measure": 0.5907936001716139, "v_measure_std": 0.018608632790878377, "v_measures": {"Level 0": [0.5888871144143578, 0.5688311070054357, 0.610739864889024, 0.5714497046573277, 0.5723257971922158, 0.5826998210712224, 0.6030242205206915, 0.5980116271830315, 0.6359111887607708, 0.6094217006463006], "Level 1": [0.593588224418762, 0.6021749967166271, 0.56674899499558, 0.5852900785426794, 0.5841087266493454, 0.5843746670576145, 0.571699017384673, 0.6219303288705014, 0.5687697752332749, 0.5958850472228421]}}]}, "task_name": "ArXivHierarchicalClusteringP2P", "avg_layerwise_entropy": 0.7699153292163872, "num_samples": 64}