{"dataset_revision": "0bbdb47bcbe3a90093699aefeed338a0f28a7ee8", "evaluation_time": 31.56952214241028, "kg_co2_emissions": null, "mteb_version": "1.12.49", "scores": {"test": [{"hf_subset": "default", "languages": ["eng-Latn"], "main_score": 0.5796907793440591, "v_measure": 0.5796907793440591, "v_measure_std": 0.021078106048493986, "v_measures": {"Level 0": [0.6064563359206734, 0.5181512993177397, 0.5727418834745518, 0.5921496079641317, 0.5360500092704814, 0.5943385064574652, 0.56347807704476, 0.5925436189254824, 0.5869789572007146, 0.612634850301358], "Level 1": [0.5710158429500125, 0.5857081592597818, 0.5779758652887617, 0.5917983123297405, 0.5734731638030091, 0.5810408471216739, 0.582252771492139, 0.5818755193045881, 0.5931159598796685, 0.5800359995744466]}}]}, "task_name": "ArXivHierarchicalClusteringP2P", "avg_layerwise_entropy": 0.8192080460852968, "num_samples": 64}