{"dataset_revision": "0bbdb47bcbe3a90093699aefeed338a0f28a7ee8", "evaluation_time": 31.919604539871216, "kg_co2_emissions": null, "mteb_version": "1.12.49", "scores": {"test": [{"hf_subset": "default", "languages": ["eng-Latn"], "main_score": 0.6101773794651901, "v_measure": 0.6101773794651901, "v_measure_std": 0.01985707959961152, "v_measures": {"Level 0": [0.638765639906661, 0.6085493915798373, 0.5796201880111744, 0.6322465137350135, 0.6242420148466634, 0.6033989715973467, 0.66056927331384, 0.6066050893197585, 0.6213341454488117, 0.6337916104520157], "Level 1": [0.6168641461884911, 0.582445309229459, 0.6120661126814075, 0.6085236585393168, 0.5982882751240116, 0.6020953248385753, 0.5981744799184358, 0.592041235317156, 0.5933970205561876, 0.5905291886996397]}}]}, "task_name": "ArXivHierarchicalClusteringP2P", "avg_layerwise_entropy": 0.8317669050533139, "num_samples": 64}