{"dataset_revision": "0bbdb47bcbe3a90093699aefeed338a0f28a7ee8", "evaluation_time": 30.316543102264404, "kg_co2_emissions": null, "mteb_version": "1.12.49", "scores": {"test": [{"hf_subset": "default", "languages": ["eng-Latn"], "main_score": 0.6272999044904658, "v_measure": 0.6272999044904658, "v_measure_std": 0.03788695002688084, "v_measures": {"Level 0": [0.6557066271288731, 0.6716759200714986, 0.6573849651573342, 0.6666617581562232, 0.6710834246129761, 0.6895974089784822, 0.6331800425523406, 0.6466852675017563, 0.6591281977191357, 0.6690278816508846], "Level 1": [0.6008998941307564, 0.6027925514091312, 0.5662238905709553, 0.5786485304865038, 0.5958896164931063, 0.5894092661909911, 0.5926752949843481, 0.6246548494700531, 0.5751292233849404, 0.5995434791590251]}}]}, "task_name": "ArXivHierarchicalClusteringP2P", "avg_layerwise_entropy": 0.8271530937275159, "num_samples": 64}