{"dataset_revision": "0bbdb47bcbe3a90093699aefeed338a0f28a7ee8", "evaluation_time": 30.42350435256958, "kg_co2_emissions": null, "mteb_version": "1.12.49", "scores": {"test": [{"hf_subset": "default", "languages": ["eng-Latn"], "main_score": 0.5220234347872387, "v_measure": 0.5220234347872387, "v_measure_std": 0.03910288133732972, "v_measures": {"Level 0": [0.5021071545367846, 0.48898353051757215, 0.5146179225814794, 0.4929884964586133, 0.4625424903795695, 0.4464202798275743, 0.5138712350884931, 0.48044924288321106, 0.461756458156198, 0.5035276975547524], "Level 1": [0.5380564889180108, 0.553963883532227, 0.5635033216037163, 0.5608001591687571, 0.5575437617088701, 0.5683974079844911, 0.5495230064160193, 0.5538289588845146, 0.5632301977696141, 0.564357001774307]}}]}, "task_name": "ArXivHierarchicalClusteringP2P", "avg_layerwise_entropy": 0.8467109065129816, "num_samples": 64}