{
  "dataset_revision": "70970daeab8776df92f5ea462b6173c0b46fd2d1",
  "evaluation_time": 140.88501477241516,
  "kg_co2_emissions": null,
  "mteb_version": "1.12.49",
  "scores": {
    "test": [
      {
        "cosine": {
          "accuracy": 0.8049114859629254,
          "accuracy_threshold": 0.8714810609817505,
          "ap": 0.5274042958555812,
          "f1": 0.5159052858167901,
          "f1_threshold": 0.8273725509643555,
          "precision": 0.4717847769028871,
          "recall": 0.5691292875989445
        },
        "dot": {
          "accuracy": 0.7770757584788699,
          "accuracy_threshold": 20.99496841430664,
          "ap": 0.29309580197241725,
          "f1": 0.37462458506770646,
          "f1_threshold": 12.860109329223633,
          "precision": 0.234050957930081,
          "recall": 0.9379947229551451
        },
        "euclidean": {
          "accuracy": 0.8045538534898968,
          "accuracy_threshold": 2.2205452919006348,
          "ap": 0.5223941937387085,
          "f1": 0.512163591491362,
          "f1_threshold": 2.5796866416931152,
          "precision": 0.46175037084127996,
          "recall": 0.574934036939314
        },
        "hf_subset": "default",
        "languages": [
          "eng-Latn"
        ],
        "main_score": 0.5274042958555812,
        "manhattan": {
          "accuracy": 0.8033617452464684,
          "accuracy_threshold": 111.07833862304688,
          "ap": 0.5155771187749224,
          "f1": 0.5065164568146675,
          "f1_threshold": 128.40029907226562,
          "precision": 0.4356003039513678,
          "recall": 0.6050131926121372
        },
        "max": {
          "accuracy": 0.8049114859629254,
          "ap": 0.5274042958555812,
          "f1": 0.5159052858167901
        },
        "similarity": {
          "accuracy": 0.8049114859629254,
          "accuracy_threshold": 0.8714810609817505,
          "ap": 0.5274042958555812,
          "f1": 0.5159052858167901,
          "f1_threshold": 0.8273725509643555,
          "precision": 0.4717847769028871,
          "recall": 0.5691292875989445
        }
      }
    ]
  },
  "task_name": "TwitterSemEval2015"
}