{"dataset_revision": "0bbdb47bcbe3a90093699aefeed338a0f28a7ee8", "evaluation_time": 30.656378984451294, "kg_co2_emissions": null, "mteb_version": "1.12.49", "scores": {"test": [{"hf_subset": "default", "languages": ["eng-Latn"], "main_score": 0.5602536907370823, "v_measure": 0.5602536907370823, "v_measure_std": 0.03202777185465079, "v_measures": {"Level 0": [0.6139071049084017, 0.5518643589292207, 0.5493398145472913, 0.5185488900440521, 0.5660791384141898, 0.5564405321748849, 0.5298675971816663, 0.552435460574242, 0.48938576874018613, 0.5093602433096538], "Level 1": [0.5894571615603846, 0.5447274013016976, 0.5908911436407688, 0.5781987961973508, 0.5523450571470933, 0.6186882404428835, 0.5776221537907621, 0.5540236619023144, 0.576807572492719, 0.5850837174418831]}}]}, "task_name": "ArXivHierarchicalClusteringP2P", "avg_layerwise_entropy": 0.8241663840065775, "num_samples": 64}