{"dataset_revision": "0bbdb47bcbe3a90093699aefeed338a0f28a7ee8", "evaluation_time": 29.741416454315186, "kg_co2_emissions": null, "mteb_version": "1.12.49", "scores": {"test": [{"hf_subset": "default", "languages": ["eng-Latn"], "main_score": 0.5169848227617113, "v_measure": 0.5169848227617113, "v_measure_std": 0.041926512055975924, "v_measures": {"Level 0": [0.4851168416579141, 0.5697945299406787, 0.4359928874872289, 0.4683452781511909, 0.5089436743240296, 0.503108950643452, 0.4529498695544941, 0.4750625066349294, 0.4720838682830025, 0.4728744883976644], "Level 1": [0.5536522235341771, 0.551962902237835, 0.5390714717336321, 0.5281549499015219, 0.5801847275620732, 0.5374303895405504, 0.5464606571863718, 0.5528914290399697, 0.5568269647522044, 0.5487878446713043]}}]}, "task_name": "ArXivHierarchicalClusteringP2P", "avg_layerwise_entropy": 0.8498774640001361, "num_samples": 64}