{"dataset_revision": "0bbdb47bcbe3a90093699aefeed338a0f28a7ee8", "evaluation_time": 32.399805784225464, "kg_co2_emissions": null, "mteb_version": "1.12.49", "scores": {"test": [{"hf_subset": "default", "languages": ["eng-Latn"], "main_score": 0.618354701079605, "v_measure": 0.618354701079605, "v_measure_std": 0.040050541368345516, "v_measures": {"Level 0": [0.6161580383395143, 0.7109151241326449, 0.6268502423254702, 0.6493319819387926, 0.6545211474257002, 0.629147610221097, 0.6975883741581739, 0.6431624917373163, 0.6207977350665069, 0.6513321489677459], "Level 1": [0.5645886693413107, 0.5842112092470544, 0.586847381656221, 0.5877287361109061, 0.5684742334600864, 0.6216738377652824, 0.5804262025700145, 0.6016631925208656, 0.6051683709410873, 0.5665072936663109]}}]}, "task_name": "ArXivHierarchicalClusteringP2P", "avg_layerwise_entropy": 0.6143044628841536, "num_samples": 64}