{"dataset_revision": "0bbdb47bcbe3a90093699aefeed338a0f28a7ee8", "evaluation_time": 32.51484155654907, "kg_co2_emissions": null, "mteb_version": "1.12.49", "scores": {"test": [{"hf_subset": "default", "languages": ["eng-Latn"], "main_score": 0.6092875840141987, "v_measure": 0.6092875840141987, "v_measure_std": 0.034453026247373675, "v_measures": {"Level 0": [0.6517055528380605, 0.65775379381202, 0.6102966180595832, 0.6351424570796772, 0.6375616598332292, 0.6235506871374318, 0.6311949205417959, 0.6520699191599285, 0.6637271127677923, 0.634895644075808], "Level 1": [0.5727609037831551, 0.5657268776614457, 0.5600213506321466, 0.5976935272323021, 0.5601381470355493, 0.6134766808872945, 0.5675931131748185, 0.5801882829977378, 0.582810109021312, 0.5874443225528847]}}]}, "task_name": "ArXivHierarchicalClusteringP2P", "avg_layerwise_entropy": 0.6759196721731113, "num_samples": 64}