{"dataset_revision": "0bbdb47bcbe3a90093699aefeed338a0f28a7ee8", "evaluation_time": 31.485758781433105, "kg_co2_emissions": null, "mteb_version": "1.12.49", "scores": {"test": [{"hf_subset": "default", "languages": ["eng-Latn"], "main_score": 0.5902284725405619, "v_measure": 0.5902284725405619, "v_measure_std": 0.02415229167582243, "v_measures": {"Level 0": [0.6185880363676244, 0.6067313808815501, 0.5660384403828677, 0.6290905301495985, 0.5786229983315132, 0.6436158877922608, 0.6118098243201429, 0.5837964396740525, 0.6065295276906507, 0.6128178985728758], "Level 1": [0.593160117635091, 0.5543029414519565, 0.5982473790843296, 0.5688647750671815, 0.5685651968495272, 0.5741507329369122, 0.5676311822121815, 0.573484919059512, 0.5880071060622589, 0.5605141362891518]}}]}, "task_name": "ArXivHierarchicalClusteringP2P", "avg_layerwise_entropy": 0.8347836130506255, "num_samples": 64}