{
  "dataset_revision": "70970daeab8776df92f5ea462b6173c0b46fd2d1",
  "evaluation_time": 188.74915266036987,
  "kg_co2_emissions": null,
  "mteb_version": "1.12.49",
  "scores": {
    "test": [
      {
        "cosine": {
          "accuracy": 0.839899862907552,
          "accuracy_threshold": 0.8489711284637451,
          "ap": 0.6687904039497714,
          "f1": 0.6200668068786341,
          "f1_threshold": 0.8258716464042664,
          "precision": 0.5837409736780806,
          "recall": 0.6612137203166227
        },
        "dot": {
          "accuracy": 0.7889372355009835,
          "accuracy_threshold": 28.79636001586914,
          "ap": 0.45451599432593115,
          "f1": 0.471455938697318,
          "f1_threshold": 25.069293975830078,
          "precision": 0.37007518796992483,
          "recall": 0.6493403693931399
        },
        "euclidean": {
          "accuracy": 0.835846694879895,
          "accuracy_threshold": 2.9595608711242676,
          "ap": 0.6556815036840514,
          "f1": 0.615090278608155,
          "f1_threshold": 3.3336269855499268,
          "precision": 0.5624316641154603,
          "recall": 0.6786279683377309
        },
        "hf_subset": "default",
        "languages": [
          "eng-Latn"
        ],
        "main_score": 0.6687904039497714,
        "manhattan": {
          "accuracy": 0.8372176193598379,
          "accuracy_threshold": 147.01841735839844,
          "ap": 0.6594277583181526,
          "f1": 0.6164900742905858,
          "f1_threshold": 161.8468475341797,
          "precision": 0.5724949106536983,
          "recall": 0.6678100263852242
        },
        "max": {
          "accuracy": 0.839899862907552,
          "ap": 0.6687904039497714,
          "f1": 0.6200668068786341
        },
        "similarity": {
          "accuracy": 0.839899862907552,
          "accuracy_threshold": 0.8489711284637451,
          "ap": 0.6687904039497714,
          "f1": 0.6200668068786341,
          "f1_threshold": 0.8258716464042664,
          "precision": 0.5837409736780806,
          "recall": 0.6612137203166227
        }
      }
    ]
  },
  "task_name": "TwitterSemEval2015"
}