{"dataset_revision": "0bbdb47bcbe3a90093699aefeed338a0f28a7ee8", "evaluation_time": 31.259613752365112, "kg_co2_emissions": null, "mteb_version": "1.12.49", "scores": {"test": [{"hf_subset": "default", "languages": ["eng-Latn"], "main_score": 0.6188259914299632, "v_measure": 0.6188259914299632, "v_measure_std": 0.035197060878565056, "v_measures": {"Level 0": [0.6278554777277878, 0.6460218926681537, 0.6825084494816488, 0.6523205993394279, 0.6703348974878204, 0.6471851535227033, 0.6473411895499119, 0.6393342182987093, 0.6530300710256403, 0.6465954014115565], "Level 1": [0.5896713453025104, 0.558607546787483, 0.5849378087539356, 0.5968767951430107, 0.5838934116003585, 0.5745203687227567, 0.5919151165387105, 0.5962158136617061, 0.5803364595394949, 0.6070178120359353]}}]}, "task_name": "ArXivHierarchicalClusteringP2P", "avg_layerwise_entropy": 0.8529633827526452, "num_samples": 64}