{"dataset_revision": "0bbdb47bcbe3a90093699aefeed338a0f28a7ee8", "evaluation_time": 31.612487077713013, "kg_co2_emissions": null, "mteb_version": "1.12.49", "scores": {"test": [{"hf_subset": "default", "languages": ["eng-Latn"], "main_score": 0.5938159832718191, "v_measure": 0.5938159832718191, "v_measure_std": 0.023784822367911657, "v_measures": {"Level 0": [0.6249662433715357, 0.6252477428887141, 0.5932812707101109, 0.6045030095156387, 0.6124131441807668, 0.5649154879772874, 0.6076248120813805, 0.6236650661484667, 0.6132955382426244, 0.6295973669532289], "Level 1": [0.5750625157939808, 0.5672288210108611, 0.5741781258596416, 0.5859058051629399, 0.5682145459429748, 0.6120780841289283, 0.5481672623269893, 0.5831602770446692, 0.568797121713887, 0.5940174243817554]}}]}, "task_name": "ArXivHierarchicalClusteringP2P", "avg_layerwise_entropy": 0.8439186895744042, "num_samples": 64}