{"dataset_revision": "0bbdb47bcbe3a90093699aefeed338a0f28a7ee8", "evaluation_time": 31.153825283050537, "kg_co2_emissions": null, "mteb_version": "1.12.49", "scores": {"test": [{"hf_subset": "default", "languages": ["eng-Latn"], "main_score": 0.6111740708234656, "v_measure": 0.6111740708234656, "v_measure_std": 0.03236854084665475, "v_measures": {"Level 0": [0.6270317873338204, 0.6546044249448246, 0.6424154392909943, 0.5963337785060646, 0.6198069949999677, 0.6939507414980779, 0.6035783536631868, 0.5877582621552735, 0.6652000979230324, 0.6403720543938423], "Level 1": [0.5892730970938714, 0.5986299558257375, 0.6013604678137026, 0.5908508033966512, 0.5798884856516106, 0.5998576163817917, 0.6073632506042543, 0.5759019291195961, 0.5663719349063113, 0.5829319409667016]}}]}, "task_name": "ArXivHierarchicalClusteringP2P", "avg_layerwise_entropy": 0.8211571713666721, "num_samples": 64}