{"dataset_revision": "0bbdb47bcbe3a90093699aefeed338a0f28a7ee8", "evaluation_time": 32.0560188293457, "kg_co2_emissions": null, "mteb_version": "1.12.49", "scores": {"test": [{"hf_subset": "default", "languages": ["eng-Latn"], "main_score": 0.6253564759039986, "v_measure": 0.6253564759039986, "v_measure_std": 0.03989046333464835, "v_measures": {"Level 0": [0.6743728185617198, 0.6873026552770128, 0.6577986560814572, 0.6534193519846143, 0.6127805944725013, 0.6483552895016466, 0.6641152498763344, 0.6947818302669516, 0.6478765690934255, 0.6592572295122411], "Level 1": [0.5665444316494997, 0.6148735939536785, 0.5792746814443066, 0.580249179757157, 0.615934263863587, 0.6141829527521964, 0.582819739103302, 0.5898539243339026, 0.5704500938925108, 0.5928864127019252]}}]}, "task_name": "ArXivHierarchicalClusteringP2P", "avg_layerwise_entropy": 0.8371025426970389, "num_samples": 64}