{"dataset_revision": "0bbdb47bcbe3a90093699aefeed338a0f28a7ee8", "evaluation_time": 31.450261116027832, "kg_co2_emissions": null, "mteb_version": "1.12.49", "scores": {"test": [{"hf_subset": "default", "languages": ["eng-Latn"], "main_score": 0.5787429751486817, "v_measure": 0.5787429751486817, "v_measure_std": 0.029060675836627414, "v_measures": {"Level 0": [0.5933761907695261, 0.6530952220588636, 0.6027297051219659, 0.5961798688913253, 0.5526947015717253, 0.5758084673970832, 0.5554237204971055, 0.5768393782496328, 0.6494911211289087, 0.5589891232800538], "Level 1": [0.5669852723379699, 0.5576380585732575, 0.5741019090699385, 0.5426501342878779, 0.5581088057601397, 0.5521572446311328, 0.5589025512600276, 0.5771488514960836, 0.5929278260456511, 0.5796113505453655]}}]}, "task_name": "ArXivHierarchicalClusteringP2P", "avg_layerwise_entropy": 0.7382999586206873, "num_samples": 64}