{"dataset_revision": "0bbdb47bcbe3a90093699aefeed338a0f28a7ee8", "evaluation_time": 30.815938472747803, "kg_co2_emissions": null, "mteb_version": "1.12.49", "scores": {"test": [{"hf_subset": "default", "languages": ["eng-Latn"], "main_score": 0.5431113779228802, "v_measure": 0.5431113779228802, "v_measure_std": 0.03004149664360398, "v_measures": {"Level 0": [0.5248584318143242, 0.5150711834913141, 0.526136093540297, 0.4782347133253367, 0.49471206814633867, 0.5371067522214213, 0.5477769646197823, 0.5228328302054159, 0.5627397134863679, 0.517477383635053], "Level 1": [0.5579514191247342, 0.5590740832588095, 0.5862250679360846, 0.5993728269902581, 0.5726687135998392, 0.5649506776708465, 0.5605653319035371, 0.5703835942209436, 0.5468137386263611, 0.5172759706405406]}}]}, "task_name": "ArXivHierarchicalClusteringP2P", "avg_layerwise_entropy": 0.8064038509276896, "num_samples": 64}