{"dataset_revision": "0bbdb47bcbe3a90093699aefeed338a0f28a7ee8", "evaluation_time": 30.066649436950684, "kg_co2_emissions": null, "mteb_version": "1.12.49", "scores": {"test": [{"hf_subset": "default", "languages": ["eng-Latn"], "main_score": 0.5846229717706378, "v_measure": 0.5846229717706378, "v_measure_std": 0.026187322707920412, "v_measures": {"Level 0": [0.5686230767218661, 0.5937993633722669, 0.5737667609354984, 0.5430852910718803, 0.6058787469304303, 0.5668464949918661, 0.5693344009521689, 0.6014946912549811, 0.6358218751118901, 0.654365139911751], "Level 1": [0.5770660655569989, 0.605511235091783, 0.5575225305375942, 0.5929538109988426, 0.561450231676892, 0.5871290201160085, 0.5821298967908679, 0.5835825073192424, 0.5554949295666793, 0.5766033665032482]}}]}, "task_name": "ArXivHierarchicalClusteringP2P", "avg_layerwise_entropy": 0.7615261517417705, "num_samples": 64}