{
  "dataset_revision": "70970daeab8776df92f5ea462b6173c0b46fd2d1",
  "evaluation_time": 141.00901222229004,
  "kg_co2_emissions": null,
  "mteb_version": "1.12.49",
  "scores": {
    "test": [
      {
        "cosine": {
          "accuracy": 0.8149251952077249,
          "accuracy_threshold": 0.8094813227653503,
          "ap": 0.5789847264653287,
          "f1": 0.5595567867036011,
          "f1_threshold": 0.7502221465110779,
          "precision": 0.49733278621255644,
          "recall": 0.6395778364116095
        },
        "dot": {
          "accuracy": 0.7805328723848125,
          "accuracy_threshold": 0.970693826675415,
          "ap": 0.4027235439046832,
          "f1": 0.43985182296744,
          "f1_threshold": 0.7766693234443665,
          "precision": 0.34879406307977734,
          "recall": 0.5952506596306069
        },
        "euclidean": {
          "accuracy": 0.8055671454968111,
          "accuracy_threshold": 0.6061770915985107,
          "ap": 0.535543916610113,
          "f1": 0.5334528745937464,
          "f1_threshold": 0.7281960248947144,
          "precision": 0.46366647184882137,
          "recall": 0.6279683377308707
        },
        "hf_subset": "default",
        "languages": [
          "eng-Latn"
        ],
        "main_score": 0.5789847264653287,
        "manhattan": {
          "accuracy": 0.8060439887941825,
          "accuracy_threshold": 30.12900161743164,
          "ap": 0.5347631888542547,
          "f1": 0.5321908290875406,
          "f1_threshold": 35.50979995727539,
          "precision": 0.47420553033429635,
          "recall": 0.6063324538258575
        },
        "max": {
          "accuracy": 0.8149251952077249,
          "ap": 0.5789847264653287,
          "f1": 0.5595567867036011
        },
        "similarity": {
          "accuracy": 0.8149251952077249,
          "accuracy_threshold": 0.8094813227653503,
          "ap": 0.5789847264653287,
          "f1": 0.5595567867036011,
          "f1_threshold": 0.7502221465110779,
          "precision": 0.49733278621255644,
          "recall": 0.6395778364116095
        }
      }
    ]
  },
  "task_name": "TwitterSemEval2015"
}