{"dataset_revision": "0bbdb47bcbe3a90093699aefeed338a0f28a7ee8", "evaluation_time": 30.472825288772583, "kg_co2_emissions": null, "mteb_version": "1.12.49", "scores": {"test": [{"hf_subset": "default", "languages": ["eng-Latn"], "main_score": 0.580001352355733, "v_measure": 0.580001352355733, "v_measure_std": 0.03211642934926877, "v_measures": {"Level 0": [0.6249474222648808, 0.6085764278107396, 0.6432271177947358, 0.5869884189299356, 0.5280131309781183, 0.6356056103760649, 0.5230506631196556, 0.5304948559158692, 0.5976265930912344, 0.5584635364024281], "Level 1": [0.5869279045298273, 0.592943484473652, 0.5717783203938593, 0.5795197184129234, 0.5712577238389622, 0.5897519551666514, 0.5667229609377104, 0.5727357249900775, 0.5796574553402618, 0.5517380223470707]}}]}, "task_name": "ArXivHierarchicalClusteringP2P", "avg_layerwise_entropy": 0.8021094896788312, "num_samples": 64}