{"dataset_revision": "0bbdb47bcbe3a90093699aefeed338a0f28a7ee8", "evaluation_time": 30.269590854644775, "kg_co2_emissions": null, "mteb_version": "1.12.49", "scores": {"test": [{"hf_subset": "default", "languages": ["eng-Latn"], "main_score": 0.6335887868140967, "v_measure": 0.6335887868140967, "v_measure_std": 0.040161855069834385, "v_measures": {"Level 0": [0.6828137115504103, 0.65589140203314, 0.6609584133312396, 0.6852552944743762, 0.700975837973085, 0.6547009732013669, 0.6505697291738032, 0.6709805884330524, 0.664835907171, 0.6831247550165721], "Level 1": [0.5880770884056737, 0.6069377931243054, 0.5794991724974018, 0.6166578336209217, 0.5819332654325242, 0.6071442574198629, 0.5865254935497674, 0.5823718281366664, 0.6141279016593161, 0.5983944900774475]}}]}, "task_name": "ArXivHierarchicalClusteringP2P", "avg_layerwise_entropy": 0.826952055530964, "num_samples": 64}