{"dataset_revision": "0bbdb47bcbe3a90093699aefeed338a0f28a7ee8", "evaluation_time": 31.88831353187561, "kg_co2_emissions": null, "mteb_version": "1.12.49", "scores": {"test": [{"hf_subset": "default", "languages": ["eng-Latn"], "main_score": 0.6271329311717692, "v_measure": 0.6271329311717692, "v_measure_std": 0.03432287588411001, "v_measures": {"Level 0": [0.647075535509835, 0.6722298558336436, 0.6566491725748752, 0.6792496609732664, 0.6534000618792254, 0.6347987879393561, 0.6417642763273663, 0.6560460400909556, 0.6784331849004809, 0.6441554290684347], "Level 1": [0.621085209518772, 0.6044851478313145, 0.5851794098246925, 0.6297174858446399, 0.6154889706238408, 0.5771634350765911, 0.5789065944854782, 0.565873766419285, 0.5868047833016095, 0.6141518154117227]}}]}, "task_name": "ArXivHierarchicalClusteringP2P", "avg_layerwise_entropy": 0.841550460893775, "num_samples": 64}