{"dataset_revision": "0bbdb47bcbe3a90093699aefeed338a0f28a7ee8", "evaluation_time": 31.537521362304688, "kg_co2_emissions": null, "mteb_version": "1.12.49", "scores": {"test": [{"hf_subset": "default", "languages": ["eng-Latn"], "main_score": 0.5870222676982984, "v_measure": 0.5870222676982984, "v_measure_std": 0.025176935043059723, "v_measures": {"Level 0": [0.6153574745643338, 0.5756796189763728, 0.6249589976772143, 0.6451828469440974, 0.5355409274233887, 0.6288157251859555, 0.5867948691723853, 0.5870643545014574, 0.5746283712531572, 0.5935698935369028], "Level 1": [0.5728936101544103, 0.5968540781366722, 0.5812072432958445, 0.5639149650660108, 0.5791500124385798, 0.5941108900500226, 0.5788811242985687, 0.5555073677862722, 0.5777900087296164, 0.5725429747747038]}}]}, "task_name": "ArXivHierarchicalClusteringP2P", "avg_layerwise_entropy": 0.7790610614432013, "num_samples": 64}