{"dataset_revision": "0bbdb47bcbe3a90093699aefeed338a0f28a7ee8", "evaluation_time": 30.34396195411682, "kg_co2_emissions": null, "mteb_version": "1.12.49", "scores": {"test": [{"hf_subset": "default", "languages": ["eng-Latn"], "main_score": 0.5161836491110822, "v_measure": 0.5161836491110822, "v_measure_std": 0.044648998065083316, "v_measures": {"Level 0": [0.48344037048793037, 0.4481128549489098, 0.48875669447524506, 0.4991241225991248, 0.44984787483022165, 0.4806651135747597, 0.4624335375003516, 0.43817449676458353, 0.5086105867940734, 0.5010837083347827], "Level 1": [0.5806515716784322, 0.5360436758912654, 0.5591419243550648, 0.5781642061124772, 0.5615308845384046, 0.5387955200176039, 0.5623900694432357, 0.5518092129475111, 0.5516556299567388, 0.5432409269709251]}}]}, "task_name": "ArXivHierarchicalClusteringP2P", "avg_layerwise_entropy": 0.8488193452033144, "num_samples": 64}