{"dataset_revision": "0bbdb47bcbe3a90093699aefeed338a0f28a7ee8", "evaluation_time": 20366.63920712471, "kg_co2_emissions": null, "mteb_version": "1.12.49", "scores": {"test": [{"hf_subset": "default", "languages": ["eng-Latn"], "main_score": 0.6074771578187079, "v_measure": 0.6074771578187079, "v_measure_std": 0.03215797596367299, "v_measures": {"Level 0": [0.6236420734879715, 0.6370284449936809, 0.6043460504062361, 0.6896844916073283, 0.62475690818927, 0.5786233564889908, 0.6222285674919028, 0.648616837620897, 0.6580833499355061, 0.5612978251438394], "Level 1": [0.6065690290440469, 0.588913141218275, 0.5846342524903386, 0.5772849180756172, 0.5872832386683117, 0.5768057305383326, 0.5773662737893704, 0.5827973445910795, 0.595795335235978, 0.6237859873571819]}}]}, "task_name": "ArXivHierarchicalClusteringP2P", "avg_layerwise_entropy": 0.8378897339914817, "num_samples": 64}