{"dataset_revision": "0bbdb47bcbe3a90093699aefeed338a0f28a7ee8", "evaluation_time": 31.439491271972656, "kg_co2_emissions": null, "mteb_version": "1.12.49", "scores": {"test": [{"hf_subset": "default", "languages": ["eng-Latn"], "main_score": 0.5796057603947042, "v_measure": 0.5796057603947042, "v_measure_std": 0.02362314278009194, "v_measures": {"Level 0": [0.6330174446922349, 0.569703066928436, 0.5919073394392554, 0.5834084616643679, 0.6180089266902337, 0.6125205320402449, 0.5555717216510445, 0.5942259872808219, 0.5776580078196689, 0.5701689556036449], "Level 1": [0.5592101390325792, 0.5812449451782756, 0.5596497943954133, 0.5621780853128895, 0.5594193035842271, 0.6038044513547781, 0.578917390507919, 0.585489140876016, 0.5631065421245987, 0.5329049717174338]}}]}, "task_name": "ArXivHierarchicalClusteringP2P", "avg_layerwise_entropy": 0.7723805247151169, "num_samples": 64}