{"dataset_revision": "0bbdb47bcbe3a90093699aefeed338a0f28a7ee8", "evaluation_time": 31.121708393096924, "kg_co2_emissions": null, "mteb_version": "1.12.49", "scores": {"test": [{"hf_subset": "default", "languages": ["eng-Latn"], "main_score": 0.5541237720128278, "v_measure": 0.5541237720128278, "v_measure_std": 0.031118979102576584, "v_measures": {"Level 0": [0.62854328269628, 0.4896923936360249, 0.5201661290449192, 0.5703321519891663, 0.5500962874200728, 0.5414494330447486, 0.5457793718249285, 0.6048784307387288, 0.5593881564421298, 0.5529337512807284], "Level 1": [0.5635573700266601, 0.5089527870369507, 0.5507231413874856, 0.5354039866911435, 0.5772007444620202, 0.558629164121321, 0.5513037301132566, 0.5604850971648674, 0.5904424274901766, 0.5225176036449474]}}]}, "task_name": "ArXivHierarchicalClusteringP2P", "avg_layerwise_entropy": 0.8231880032509797, "num_samples": 64}