{"dataset_revision": "0bbdb47bcbe3a90093699aefeed338a0f28a7ee8", "evaluation_time": 30.63622808456421, "kg_co2_emissions": null, "mteb_version": "1.12.49", "scores": {"test": [{"hf_subset": "default", "languages": ["eng-Latn"], "main_score": 0.614142738399089, "v_measure": 0.614142738399089, "v_measure_std": 0.04157679385212198, "v_measures": {"Level 0": [0.6451282569636462, 0.6314422418606529, 0.6456493736448058, 0.6937143612452855, 0.5979055655268122, 0.6722534110817995, 0.6446972753355005, 0.6040757215172374, 0.6383561642148214, 0.7008452387863887], "Level 1": [0.5668660358134214, 0.5931486837783293, 0.5720950258432413, 0.5590002092854827, 0.5637522518473913, 0.5993339825858205, 0.5885640085657452, 0.6026467260186389, 0.5756051275248945, 0.5877751065418629]}}]}, "task_name": "ArXivHierarchicalClusteringP2P", "avg_layerwise_entropy": 0.8504279855013415, "num_samples": 64}