{"dataset_revision": "0bbdb47bcbe3a90093699aefeed338a0f28a7ee8", "evaluation_time": 31.203065395355225, "kg_co2_emissions": null, "mteb_version": "1.12.49", "scores": {"test": [{"hf_subset": "default", "languages": ["eng-Latn"], "main_score": 0.6188385936200465, "v_measure": 0.6188385936200465, "v_measure_std": 0.04028940123992329, "v_measures": {"Level 0": [0.6646519847857303, 0.6517442889489697, 0.6686446801214458, 0.6378841629998551, 0.6611500006106537, 0.6273248013897099, 0.6883364105690339, 0.6358698427173615, 0.6581476771083173, 0.6682733425229388], "Level 1": [0.5702170613585438, 0.5783050755913216, 0.6013789034379252, 0.5834164792498254, 0.5693562469251737, 0.5863996749559672, 0.5897665945580032, 0.5951188058903538, 0.5826252013496354, 0.5581606373101612]}}]}, "task_name": "ArXivHierarchicalClusteringP2P", "avg_layerwise_entropy": 0.5944503019981712, "num_samples": 64}