{"dataset_revision": "0bbdb47bcbe3a90093699aefeed338a0f28a7ee8", "evaluation_time": 30.228602170944214, "kg_co2_emissions": null, "mteb_version": "1.12.49", "scores": {"test": [{"hf_subset": "default", "languages": ["eng-Latn"], "main_score": 0.603336266083317, "v_measure": 0.603336266083317, "v_measure_std": 0.027288194384149783, "v_measures": {"Level 0": [0.6451561341219604, 0.6477888324179024, 0.6021172772327723, 0.6050147385462595, 0.6278342216161104, 0.6393870899555604, 0.6234108606168219, 0.6200872536132824, 0.6383691039959261, 0.6162777647162319], "Level 1": [0.5670073174680773, 0.5955642734883408, 0.5711807817574135, 0.5856092405539691, 0.5861759292334066, 0.5666659089388355, 0.5885640045249132, 0.5841471652647738, 0.5562048293519795, 0.6001625942518038]}}]}, "task_name": "ArXivHierarchicalClusteringP2P", "avg_layerwise_entropy": 0.6582289288758534, "num_samples": 64}