{"dataset_revision": "0bbdb47bcbe3a90093699aefeed338a0f28a7ee8", "evaluation_time": 31.409677743911743, "kg_co2_emissions": null, "mteb_version": "1.12.49", "scores": {"test": [{"hf_subset": "default", "languages": ["eng-Latn"], "main_score": 0.5840988730583008, "v_measure": 0.5840988730583008, "v_measure_std": 0.03221694227557958, "v_measures": {"Level 0": [0.6380160240812401, 0.6353363217714268, 0.6102670983331774, 0.6289677150420325, 0.6230683200144499, 0.6001023689809319, 0.6078881503536333, 0.6153547213437154, 0.5703984969821678, 0.5849465620036228], "Level 1": [0.5308529280088613, 0.5663886511703875, 0.5595072066589496, 0.5520692231916731, 0.5663859296939573, 0.5428890363955059, 0.5640773505305239, 0.5527001347303724, 0.5559822736276784, 0.5767789482517081]}}]}, "task_name": "ArXivHierarchicalClusteringP2P", "avg_layerwise_entropy": 0.7078802691539291, "num_samples": 64}