{"dataset_revision": "0bbdb47bcbe3a90093699aefeed338a0f28a7ee8", "evaluation_time": 30.748729944229126, "kg_co2_emissions": null, "mteb_version": "1.12.49", "scores": {"test": [{"hf_subset": "default", "languages": ["eng-Latn"], "main_score": 0.5415949080912466, "v_measure": 0.5415949080912466, "v_measure_std": 0.02608342656351879, "v_measures": {"Level 0": [0.5651450070576608, 0.5680475063291506, 0.5617999000382454, 0.5317792336975509, 0.5610977867264367, 0.546695977735512, 0.4991489020406686, 0.48400092381038134, 0.5067975905639269, 0.507776006842126], "Level 1": [0.5560630911625799, 0.5517630646287984, 0.5700234605329327, 0.5358642700738541, 0.5249396377274009, 0.5578379933583576, 0.5752694026709506, 0.5481613453715773, 0.516497451790671, 0.5631896096661464]}}]}, "task_name": "ArXivHierarchicalClusteringP2P", "avg_layerwise_entropy": 0.3580485553135236, "num_samples": 64}