{"dataset_revision": "0bbdb47bcbe3a90093699aefeed338a0f28a7ee8", "evaluation_time": 31.290894985198975, "kg_co2_emissions": null, "mteb_version": "1.12.49", "scores": {"test": [{"hf_subset": "default", "languages": ["eng-Latn"], "main_score": 0.6051463200492959, "v_measure": 0.6051463200492959, "v_measure_std": 0.028877235654398554, "v_measures": {"Level 0": [0.6350159835553032, 0.6099429262248462, 0.6784445974505648, 0.6027699431020824, 0.6272790132485677, 0.6350990397931727, 0.593998834714546, 0.6343550326351097, 0.5865721801213116, 0.6413790300798272], "Level 1": [0.582951864415257, 0.5547204779998044, 0.5795353202859017, 0.5891231360522263, 0.5738802579616175, 0.6072217845784843, 0.5952117343704524, 0.6123056814699762, 0.5723494685112225, 0.5907700944156433]}}]}, "task_name": "ArXivHierarchicalClusteringP2P", "avg_layerwise_entropy": 0.7597927243044231, "num_samples": 64}