{"dataset_revision": "0bbdb47bcbe3a90093699aefeed338a0f28a7ee8", "evaluation_time": 30.873809099197388, "kg_co2_emissions": null, "mteb_version": "1.12.49", "scores": {"test": [{"hf_subset": "default", "languages": ["eng-Latn"], "main_score": 0.5900444470124423, "v_measure": 0.5900444470124423, "v_measure_std": 0.03385062041185875, "v_measures": {"Level 0": [0.6694650619112972, 0.6403719539495206, 0.6398951328315371, 0.5710925869746616, 0.5648684480707876, 0.5627452664804761, 0.6596016463338026, 0.5766491510192415, 0.5978154371020332, 0.5962822630152473], "Level 1": [0.5913657225687338, 0.5722982041328053, 0.5726125724110867, 0.575191618117031, 0.5841063478615105, 0.5870585558134306, 0.5478713360426541, 0.5671643641488139, 0.5617986029604934, 0.5626346685036816]}}]}, "task_name": "ArXivHierarchicalClusteringP2P", "avg_layerwise_entropy": 0.7493775069199013, "num_samples": 64}