{"dataset_revision": "0bbdb47bcbe3a90093699aefeed338a0f28a7ee8", "evaluation_time": 29.854254722595215, "kg_co2_emissions": null, "mteb_version": "1.12.49", "scores": {"test": [{"hf_subset": "default", "languages": ["eng-Latn"], "main_score": 0.5573673698128665, "v_measure": 0.5573673698128665, "v_measure_std": 0.042737186316830426, "v_measures": {"Level 0": [0.5173751542528562, 0.5273794269912411, 0.5910868650622999, 0.5792991961684084, 0.4873020639985908, 0.5060276088618698, 0.5213847652081853, 0.5054843965990317, 0.4873484667730321, 0.5184679909932876], "Level 1": [0.5914984527263759, 0.5943879066183606, 0.6014021081656634, 0.5894538578522333, 0.6218195412968341, 0.5490889476646769, 0.5863482916428792, 0.6100391554039015, 0.5807385153920217, 0.5814146845855821]}}]}, "task_name": "ArXivHierarchicalClusteringP2P", "avg_layerwise_entropy": 0.8136871648336979, "num_samples": 64}