{"dataset_revision": "0bbdb47bcbe3a90093699aefeed338a0f28a7ee8", "evaluation_time": 31.10478711128235, "kg_co2_emissions": null, "mteb_version": "1.12.49", "scores": {"test": [{"hf_subset": "default", "languages": ["eng-Latn"], "main_score": 0.6329103911377413, "v_measure": 0.6329103911377413, "v_measure_std": 0.050454242187659426, "v_measures": {"Level 0": [0.7032568379862708, 0.6648934487046914, 0.6355464866926872, 0.669099377765656, 0.6833490283218161, 0.7003690029037772, 0.6657090043671418, 0.6944976001134494, 0.724365587492551, 0.6465869284641508], "Level 1": [0.5788354544634389, 0.5897734985836832, 0.596129671254659, 0.621282839595425, 0.5614879885284286, 0.5776048812112557, 0.5879340941786216, 0.5856084915747001, 0.5873806942088923, 0.5844969063435312]}}]}, "task_name": "ArXivHierarchicalClusteringP2P", "avg_layerwise_entropy": 0.8337570505198276, "num_samples": 64}