{"dataset_revision": "0bbdb47bcbe3a90093699aefeed338a0f28a7ee8", "evaluation_time": 31.16221833229065, "kg_co2_emissions": null, "mteb_version": "1.12.49", "scores": {"test": [{"hf_subset": "default", "languages": ["eng-Latn"], "main_score": 0.611980965279028, "v_measure": 0.611980965279028, "v_measure_std": 0.024409645461669478, "v_measures": {"Level 0": [0.6146947749353541, 0.625059155944084, 0.6449862995151792, 0.6588197731581552, 0.6329168661277363, 0.6146304417442738, 0.6259901412186349, 0.6104232490516545, 0.6158430460548374, 0.6488008288951288], "Level 1": [0.5829207231282167, 0.6176617665023946, 0.6114974671378287, 0.5646922624014632, 0.5668154259348293, 0.618863173509812, 0.5912423567003476, 0.6099298355457848, 0.5923181673167855, 0.5915135507580597]}}]}, "task_name": "ArXivHierarchicalClusteringP2P", "avg_layerwise_entropy": 0.8261029182955291, "num_samples": 64}