{"dataset_revision": "0bbdb47bcbe3a90093699aefeed338a0f28a7ee8", "evaluation_time": 31.023586750030518, "kg_co2_emissions": null, "mteb_version": "1.12.49", "scores": {"test": [{"hf_subset": "default", "languages": ["eng-Latn"], "main_score": 0.624003216271743, "v_measure": 0.624003216271743, "v_measure_std": 0.04064159887392104, "v_measures": {"Level 0": [0.6788967005768429, 0.6602718944983349, 0.6662807174644678, 0.6649350858273577, 0.6673835392277769, 0.6690984274306967, 0.5963981266979449, 0.6568374669625292, 0.6612088526059478, 0.6817880973654239], "Level 1": [0.596404431107667, 0.6118391158729601, 0.5608766745338474, 0.5851900987518768, 0.5932522274208784, 0.5931310182946176, 0.5805646945187354, 0.5919920105144947, 0.5823253362847742, 0.5813898094776871]}}]}, "task_name": "ArXivHierarchicalClusteringP2P", "avg_layerwise_entropy": 0.8354681654924389, "num_samples": 64}