{"dataset_revision": "0bbdb47bcbe3a90093699aefeed338a0f28a7ee8", "evaluation_time": 31.617437839508057, "kg_co2_emissions": null, "mteb_version": "1.12.49", "scores": {"test": [{"hf_subset": "default", "languages": ["eng-Latn"], "main_score": 0.553289651297573, "v_measure": 0.553289651297573, "v_measure_std": 0.02543837124037269, "v_measures": {"Level 0": [0.5416569196497294, 0.5264123836328802, 0.548814521069359, 0.5093111496675317, 0.5770060476000028, 0.5468369435646461, 0.5465874196935515, 0.51045473647199, 0.5654940425287633, 0.5345000449682237], "Level 1": [0.5525660277471257, 0.5765172931594058, 0.584713377087086, 0.5528980646095281, 0.5341527215482644, 0.5956300995848703, 0.6050188518982995, 0.5395051225973949, 0.5425800682753, 0.5751371905975099]}}]}, "task_name": "ArXivHierarchicalClusteringP2P", "avg_layerwise_entropy": 0.7780822416664331, "num_samples": 64}