{"dataset_revision": "0bbdb47bcbe3a90093699aefeed338a0f28a7ee8", "evaluation_time": 29.853004455566406, "kg_co2_emissions": null, "mteb_version": "1.12.49", "scores": {"test": [{"hf_subset": "default", "languages": ["eng-Latn"], "main_score": 0.560420928125632, "v_measure": 0.560420928125632, "v_measure_std": 0.013110876544122735, "v_measures": {"Level 0": [0.5450769397384482, 0.5669510749515837, 0.567245152912603, 0.5345045340101087, 0.5774283583423583, 0.5816591171773493, 0.5794220453208347, 0.5544240797148744, 0.5661382416651844, 0.5408610011910381], "Level 1": [0.5561323505270871, 0.5684489409565735, 0.5510188391314962, 0.564995341744711, 0.5564344042322431, 0.5488202110082432, 0.5573550584916854, 0.5637230722609301, 0.5480470895572582, 0.5797327095780314]}}]}, "task_name": "ArXivHierarchicalClusteringP2P", "avg_layerwise_entropy": 0.68852169170396, "num_samples": 64}