{"dataset_revision": "0bbdb47bcbe3a90093699aefeed338a0f28a7ee8", "evaluation_time": 29.625315189361572, "kg_co2_emissions": null, "mteb_version": "1.12.49", "scores": {"test": [{"hf_subset": "default", "languages": ["eng-Latn"], "main_score": 0.5421229516322936, "v_measure": 0.5421229516322936, "v_measure_std": 0.0251779672713319, "v_measures": {"Level 0": [0.5383027221589441, 0.4818571351336841, 0.5533815364781844, 0.5379113902066421, 0.4769842843622211, 0.5344592482262519, 0.5308467595140207, 0.5503606521679941, 0.5190860934770315, 0.5484630028532924], "Level 1": [0.5650877119683454, 0.5605475949242403, 0.5441941255830456, 0.5390022981558416, 0.5513231725477465, 0.5704249879642977, 0.5718677139898505, 0.5699587293614292, 0.537084095733125, 0.5613157778396812]}}]}, "task_name": "ArXivHierarchicalClusteringP2P", "avg_layerwise_entropy": 0.8238229352406765, "num_samples": 64}