{
  "dataset_revision": "70970daeab8776df92f5ea462b6173c0b46fd2d1",
  "evaluation_time": 143.63865518569946,
  "kg_co2_emissions": null,
  "mteb_version": "1.12.49",
  "scores": {
    "test": [
      {
        "cosine": {
          "accuracy": 0.8137330869642964,
          "accuracy_threshold": 0.8213545680046082,
          "ap": 0.5604975500977236,
          "f1": 0.5383796570076879,
          "f1_threshold": 0.7747368812561035,
          "precision": 0.48788853161843515,
          "recall": 0.6005277044854881
        },
        "dot": {
          "accuracy": 0.7761816772962985,
          "accuracy_threshold": 7.210852146148682,
          "ap": 0.3522837803382382,
          "f1": 0.4287408913743433,
          "f1_threshold": 5.401852607727051,
          "precision": 0.3157763354967549,
          "recall": 0.6675461741424802
        },
        "euclidean": {
          "accuracy": 0.8097991297609823,
          "accuracy_threshold": 1.5874459743499756,
          "ap": 0.5455044945661859,
          "f1": 0.5361814472578904,
          "f1_threshold": 1.8062458038330078,
          "precision": 0.49174554259300024,
          "recall": 0.5894459102902375
        },
        "hf_subset": "default",
        "languages": [
          "eng-Latn"
        ],
        "main_score": 0.5604975500977236,
        "manhattan": {
          "accuracy": 0.8098587351731538,
          "accuracy_threshold": 78.35548400878906,
          "ap": 0.5456177990613588,
          "f1": 0.5380924517261556,
          "f1_threshold": 90.37373352050781,
          "precision": 0.48349106203995795,
          "recall": 0.6065963060686016
        },
        "max": {
          "accuracy": 0.8137330869642964,
          "ap": 0.5604975500977236,
          "f1": 0.5383796570076879
        },
        "similarity": {
          "accuracy": 0.8137330869642964,
          "accuracy_threshold": 0.8213545680046082,
          "ap": 0.5604975500977236,
          "f1": 0.5383796570076879,
          "f1_threshold": 0.7747368812561035,
          "precision": 0.48788853161843515,
          "recall": 0.6005277044854881
        }
      }
    ]
  },
  "task_name": "TwitterSemEval2015"
}