{"dataset_revision": "0bbdb47bcbe3a90093699aefeed338a0f28a7ee8", "evaluation_time": 32.432923793792725, "kg_co2_emissions": null, "mteb_version": "1.12.49", "scores": {"test": [{"hf_subset": "default", "languages": ["eng-Latn"], "main_score": 0.6257381262093181, "v_measure": 0.6257381262093181, "v_measure_std": 0.03616722999526534, "v_measures": {"Level 0": [0.6814302651885635, 0.679006303606412, 0.6189279895520841, 0.6345109150904523, 0.6622825085179079, 0.6796669819413037, 0.6328602265106195, 0.6514850637991046, 0.6845650127375695, 0.6405263787359788], "Level 1": [0.6020991159441555, 0.6096702448569946, 0.5747012885814948, 0.607946394732314, 0.6059881830797048, 0.6155430415899741, 0.5867464282799333, 0.5872849347092819, 0.5809923080323162, 0.5785289387001968]}}]}, "task_name": "ArXivHierarchicalClusteringP2P", "avg_layerwise_entropy": 0.8473098372723364, "num_samples": 64}