{"dataset_revision": "0bbdb47bcbe3a90093699aefeed338a0f28a7ee8", "evaluation_time": 31.804168939590454, "kg_co2_emissions": null, "mteb_version": "1.12.49", "scores": {"test": [{"hf_subset": "default", "languages": ["eng-Latn"], "main_score": 0.5690672280095687, "v_measure": 0.5690672280095687, "v_measure_std": 0.019509694104011346, "v_measures": {"Level 0": [0.6058480791165831, 0.5672745896577582, 0.5721996470901772, 0.5746923450173943, 0.5753786561169595, 0.5669696800976104, 0.583816964790905, 0.54549817251985, 0.5434721138506071, 0.5972164170667112], "Level 1": [0.5909330076036249, 0.5177480914206238, 0.5638054059643617, 0.5678227291363784, 0.5734336271313935, 0.5616146948853592, 0.5876487326066018, 0.5600160006014197, 0.5521768189026826, 0.5737787866143689]}}]}, "task_name": "ArXivHierarchicalClusteringP2P", "avg_layerwise_entropy": 0.5265059673936191, "num_samples": 64}