{"dataset_revision": "0bbdb47bcbe3a90093699aefeed338a0f28a7ee8", "evaluation_time": 30.029347896575928, "kg_co2_emissions": null, "mteb_version": "1.12.49", "scores": {"test": [{"hf_subset": "default", "languages": ["eng-Latn"], "main_score": 0.5513464893656654, "v_measure": 0.5513464893656654, "v_measure_std": 0.025278184364745517, "v_measures": {"Level 0": [0.5511022092525573, 0.5103040510111924, 0.5612800968839602, 0.5039674291848975, 0.5782623412527615, 0.557645337624217, 0.528591755835194, 0.5051153619224769, 0.5426693624768583, 0.530513228047576], "Level 1": [0.5735267385032592, 0.5524821955945025, 0.5569119880286771, 0.5772369509324621, 0.5875064122762127, 0.5421161135383138, 0.5827999040536218, 0.5715083373496375, 0.5369102240215026, 0.576479749523429]}}]}, "task_name": "ArXivHierarchicalClusteringP2P", "avg_layerwise_entropy": 0.8635349867801787, "num_samples": 64}