{"dataset_revision": "0bbdb47bcbe3a90093699aefeed338a0f28a7ee8", "evaluation_time": 30.137861728668213, "kg_co2_emissions": null, "mteb_version": "1.12.49", "scores": {"test": [{"hf_subset": "default", "languages": ["eng-Latn"], "main_score": 0.5850971069625447, "v_measure": 0.5850971069625447, "v_measure_std": 0.017302522025375976, "v_measures": {"Level 0": [0.5958730756305224, 0.6017707348689965, 0.5866536050685873, 0.5958532035029069, 0.5801917801915263, 0.6053627736040195, 0.6015886043277329, 0.5513722782180206, 0.583899025799043, 0.6158626084375852], "Level 1": [0.5894001629307161, 0.5668439775433258, 0.5583549244955316, 0.5817325365757239, 0.5780964103580395, 0.5901891035316288, 0.6111355416222988, 0.561791521115221, 0.575778629764909, 0.570191641664561]}}]}, "task_name": "ArXivHierarchicalClusteringP2P", "avg_layerwise_entropy": 0.8483898089835109, "num_samples": 64}