{"dataset_revision": "0bbdb47bcbe3a90093699aefeed338a0f28a7ee8", "evaluation_time": 29.790380716323853, "kg_co2_emissions": null, "mteb_version": "1.12.49", "scores": {"test": [{"hf_subset": "default", "languages": ["eng-Latn"], "main_score": 0.5994268906059249, "v_measure": 0.5994268906059249, "v_measure_std": 0.028083458257380813, "v_measures": {"Level 0": [0.5774156487787532, 0.6182186963072263, 0.6058942217978319, 0.6185852498255663, 0.6034998135896675, 0.5754981872411581, 0.6087802662539556, 0.6658106071624442, 0.632204499732963, 0.6460785006425628], "Level 1": [0.5766093473468173, 0.5931594588500054, 0.6166716200529515, 0.5986600165763533, 0.5376723838955021, 0.5805650435289647, 0.5867976676901782, 0.5866108996762511, 0.5735974740565016, 0.586208209112843]}}]}, "task_name": "ArXivHierarchicalClusteringP2P", "avg_layerwise_entropy": 0.8332852492331257, "num_samples": 64}