{"dataset_revision": "0bbdb47bcbe3a90093699aefeed338a0f28a7ee8", "evaluation_time": 45.09372115135193, "kg_co2_emissions": null, "mteb_version": "1.12.49", "scores": {"test": [{"hf_subset": "default", "languages": ["eng-Latn"], "main_score": 0.6004500063234033, "v_measure": 0.6004500063234033, "v_measure_std": 0.02442762093037079, "v_measures": {"Level 0": [0.637621590645899, 0.5908711187749668, 0.6279035900052489, 0.5743813029153373, 0.6308516254900449, 0.6307851567681152, 0.6073934991505686, 0.6375422925799699, 0.597665344214839, 0.6282626643609216], "Level 1": [0.5900409076227043, 0.5765995052829288, 0.5845734000609715, 0.5945550055587622, 0.6027009043935145, 0.6054525762025293, 0.5813165088862409, 0.5682120283423144, 0.5504059952576698, 0.5918651099545178]}}]}, "task_name": "ArXivHierarchicalClusteringP2P", "avg_layerwise_entropy": 0.8334766364946532, "num_samples": 64}