{"dataset_revision": "0bbdb47bcbe3a90093699aefeed338a0f28a7ee8", "evaluation_time": 31.91485047340393, "kg_co2_emissions": null, "mteb_version": "1.12.49", "scores": {"test": [{"hf_subset": "default", "languages": ["eng-Latn"], "main_score": 0.5734312925935189, "v_measure": 0.5734312925935189, "v_measure_std": 0.03242222356201292, "v_measures": {"Level 0": [0.5650907798104962, 0.5471780503882122, 0.6289745794056298, 0.5894593937505003, 0.6063196967626315, 0.5528074948486513, 0.5338674942548396, 0.48844567635154174, 0.5210581951823943, 0.5796157016883212], "Level 1": [0.5818502762925658, 0.5976531333417056, 0.595315508355603, 0.5697249239250571, 0.6172507167261488, 0.5696883912874061, 0.5716267237317786, 0.5742995194769752, 0.5777641850570897, 0.6006354112328287]}}]}, "task_name": "ArXivHierarchicalClusteringP2P", "avg_layerwise_entropy": 0.8128292655019654, "num_samples": 64}