{"dataset_revision": "0bbdb47bcbe3a90093699aefeed338a0f28a7ee8", "evaluation_time": 32.05333065986633, "kg_co2_emissions": null, "mteb_version": "1.12.49", "scores": {"test": [{"hf_subset": "default", "languages": ["eng-Latn"], "main_score": 0.6176473045915556, "v_measure": 0.6176473045915556, "v_measure_std": 0.050455494890833605, "v_measures": {"Level 0": [0.7057872631573996, 0.6455733762854815, 0.6487076822998618, 0.6426522973790763, 0.6580632178018067, 0.6871057367433768, 0.6348061350003916, 0.6663216507628232, 0.7049867157807532, 0.6238036076138238], "Level 1": [0.5812472277233607, 0.5271937614986546, 0.5746341094080262, 0.5837460809526405, 0.576002387680218, 0.5710123841911524, 0.5459089697300112, 0.5873335986374677, 0.5800157736475958, 0.6080441155371915]}}]}, "task_name": "ArXivHierarchicalClusteringP2P", "avg_layerwise_entropy": 0.851891411513153, "num_samples": 64}