{"dataset_revision": "0bbdb47bcbe3a90093699aefeed338a0f28a7ee8", "evaluation_time": 30.660356760025024, "kg_co2_emissions": null, "mteb_version": "1.12.49", "scores": {"test": [{"hf_subset": "default", "languages": ["eng-Latn"], "main_score": 0.5715623607862073, "v_measure": 0.5715623607862073, "v_measure_std": 0.02816645852466894, "v_measures": {"Level 0": [0.5811570147180941, 0.6045013545567195, 0.6016706427846732, 0.5758341441717459, 0.6016583589425326, 0.5065511381387621, 0.5956560509054846, 0.5836376455395723, 0.5017393601726196, 0.5953594327849896], "Level 1": [0.5580219791491591, 0.5819017332201893, 0.5719105337108606, 0.5931862303472514, 0.5753929420894788, 0.5627421091314148, 0.558004095671097, 0.5476766874179917, 0.5470205218735609, 0.587625240397949]}}]}, "task_name": "ArXivHierarchicalClusteringP2P", "avg_layerwise_entropy": 0.7571046985870271, "num_samples": 64}