{"dataset_revision": "0bbdb47bcbe3a90093699aefeed338a0f28a7ee8", "evaluation_time": 31.111799716949463, "kg_co2_emissions": null, "mteb_version": "1.12.49", "scores": {"test": [{"hf_subset": "default", "languages": ["eng-Latn"], "main_score": 0.6033762666678812, "v_measure": 0.6033762666678812, "v_measure_std": 0.03298509927993133, "v_measures": {"Level 0": [0.6032035454612629, 0.6532582960804328, 0.589591732972483, 0.6226380697299027, 0.6362622101025809, 0.662681227356936, 0.5949743201857026, 0.6316115219697014, 0.6582697989721117, 0.6380658774078669], "Level 1": [0.5702759570196916, 0.5841797755384787, 0.5848949449900259, 0.597644824571415, 0.5720741734259942, 0.5801232921692938, 0.5538158650199757, 0.6068488769882281, 0.5673804041855658, 0.5597306192099764]}}]}, "task_name": "ArXivHierarchicalClusteringP2P", "avg_layerwise_entropy": 0.6565654390725227, "num_samples": 64}