{"dataset_revision": "0bbdb47bcbe3a90093699aefeed338a0f28a7ee8", "evaluation_time": 29.638707876205444, "kg_co2_emissions": null, "mteb_version": "1.12.49", "scores": {"test": [{"hf_subset": "default", "languages": ["eng-Latn"], "main_score": 0.48985641453929335, "v_measure": 0.48985641453929335, "v_measure_std": 0.06742947690992152, "v_measures": {"Level 0": [0.45591991981037594, 0.41968448359896626, 0.44453937801115084, 0.3909949653079529, 0.45921424735853594, 0.4496447419160732, 0.43008259260682047, 0.35775001466028883, 0.43900979296925774, 0.4240041213422202], "Level 1": [0.5638396015092803, 0.5676320524284407, 0.5659374762760954, 0.5519318167808277, 0.587305300924741, 0.543926265239292, 0.5431846932537514, 0.5400682979469674, 0.5223917598228153, 0.5400667690220132]}}]}, "task_name": "ArXivHierarchicalClusteringP2P", "avg_layerwise_entropy": 0.8305903213580662, "num_samples": 64}