{"dataset_revision": "0bbdb47bcbe3a90093699aefeed338a0f28a7ee8", "evaluation_time": 32.571563959121704, "kg_co2_emissions": null, "mteb_version": "1.12.49", "scores": {"test": [{"hf_subset": "default", "languages": ["eng-Latn"], "main_score": 0.6178777383289378, "v_measure": 0.6178777383289378, "v_measure_std": 0.03765817812365433, "v_measures": {"Level 0": [0.683546124981668, 0.6340312760074572, 0.6652326284830642, 0.6473502277386767, 0.6493811048177272, 0.6467999559684907, 0.6441976048362615, 0.6629813158320992, 0.6346434346495357, 0.6565660514416857], "Level 1": [0.5937624829336727, 0.562584677452834, 0.5915251041410938, 0.5610578989384851, 0.5908792060068878, 0.5951492936531646, 0.5908809934640743, 0.598165966956664, 0.5565094615762756, 0.5923099566989387]}}]}, "task_name": "ArXivHierarchicalClusteringP2P", "avg_layerwise_entropy": 0.8436119959771489, "num_samples": 64}